change_type,catalog,stage,error_code,name,full_id_old,full_id_new,field,old_value,new_value
summary,,,,,,,old_published_codes_excluding_l11,,295
summary,,,,,,,new_registry_codes,,325
summary,,,,,,,added,,51
summary,,,,,,,added_to_extra_stage,,16
summary,,,,,,,removed,,36
summary,,,,,,,moved,,2
summary,,,,,,,retired_markers,,2
summary,,,,,,,updated_field_rows,,1521
summary,,,,,,,codes_with_field_changes,,258
summary,,,,,,,unchanged_codes,,0
summary,,,,,,,l11_carried_forward_not_in_registry,,61
added,common,Common,TH-C2C-0010,C2C_CONFIG_REQUEST_FAILED,,TH-C2C-0010-S4Q9,code,,C2C_CONFIG_REQUEST_FAILED | TH-C2C-0010-S4Q9 | Firmware rejected the Ethernet configuration request or the configuration helper received a non-OK firmware status. No FLR is attempted; earlier chips may already have stored the override. | cases: C2cConfigureMultiChipTestCase | C2C.SOHU_SERDES
added,common,Common,TH-C2C-0011,C2C_CONFIG_FLR_FAILED,,TH-C2C-0011-S4Q9,code,,"C2C_CONFIG_FLR_FAILED | TH-C2C-0011-S4Q9 | All Ethernet override requests were stored, but the FLR helper returned an error while applying them. FEC readback was not attempted, so the requested configuration is unverified and this code alone does not diagnose hardware. | cases: C2cConfigureMultiChipTestCase | C2C.SOHU_SERDES"
added,common,Common,TH-C2C-0012,C2C_CONFIG_READBACK_MISMATCH,,TH-C2C-0012-S4Q9,code,,"C2C_CONFIG_READBACK_MISMATCH | TH-C2C-0012-S4Q9 | After storing the override and completing FLR, one or more datalink pairs reported an unset FEC mode or a mode different from the requested value. All readback mismatches are included in the test message. This proves a configuration mismatch, not a link-quality or hardware failure. | cases: C2cConfigureMultiChipTestCase | C2C.SOHU_SERDES"
added,common,Common,TH-ENV-0001,HOST_NOT_REACHABLE_AFTER_BOOT,,TH-ENV-0001-S4Q9,stage,"previously in L10 Test, MLT / 1X Module Test",Common
added,common,Common,TH-ENV-0003,PLX_DAEMON_NO_PEX_SWITCHES,,TH-ENV-0003-S4Q9,stage,"previously in L10 Test, MLT / 1X Module Test",Common
added,common,Common,TH-ENV-0004,HOST_SETUP_STEP_FAILED,,TH-ENV-0004-S4Q9,stage,"previously in L10 Test, MLT / 1X Module Test",Common
added,common,Common,TH-HAR-0001,TEST_TIMEOUT,,TH-HAR-0001-S4Q0,stage,previously in L10 Test,Common
added,common,Common,TH-HAR-0002,TEST_ARGS_INVALID,,TH-HAR-0002-S5Q9,stage,"previously in L10 Test, MLT / 1X Module Test",Common
added,common,Common,TH-HAR-0003,TEST_DEPENDENCY_UNAVAILABLE,,TH-HAR-0003-S5Q9,stage,"previously in L10 Test, MLT / 1X Module Test",Common
added,common,Common,TH-HAR-0004,NESTED_SUITE_ORCHESTRATION_FAILED,,TH-HAR-0004-S4Q9,stage,"previously in L10 Test, MLT / 1X Module Test",Common
added,common,Common,TH-HAR-0005,TEST_TOOL_EXECUTION_FAILED,,TH-HAR-0005-S4Q6,stage,previously in L10 Test,Common
added,common,Common,TH-HAR-0006,TEST_METRICS_PARSE_FAILED,,TH-HAR-0006-S4Q9,stage,previously in L10 Test,Common
added,common,Common,TH-HAR-0007,TEST_OUTPUT_UNAVAILABLE,,TH-HAR-0007-S4Q9,stage,previously in L10 Test,Common
added,common,Common,TH-HAR-0008,TEST_PRECONDITION_NOT_MET,,TH-HAR-0008-S5Q9,stage,previously in L10 Test,Common
added,common,Common,TH-HAR-0009,TEST_CLEANUP_FAILED,,TH-HAR-0009-S4Q9,stage,previously in L10 Test,Common
added,common,Common,TH-HAR-9998,TEST_FAILED_UNCLASSIFIED,,TH-HAR-9998-S3Q0,stage,previously in L10 Test,Common
added,common,Common,TH-HAR-9999,UNHANDLED_EXCEPTION,,TH-HAR-9999-S3Q9,stage,previously in L10 Test,Common
added,l10,L10 Test,TH-BIOS-0009,BIOS_BOOT_ORDER_UPDATE_FAILED,,TH-BIOS-0009-S4Q9,code,,BIOS_BOOT_ORDER_UPDATE_FAILED | TH-BIOS-0009-S4Q9 | Staging the required BIOS boot order via the BMC failed. | cases: CheckBiosBootOrder | L10.BIOS.BIOS
added,l10,L10 Test,TH-C2C-0007,C2C_INTEGRITY_MISMATCH,,TH-C2C-0007-S2Q9,code,,C2C_INTEGRITY_MISMATCH | TH-C2C-0007-S2Q9 | Bit-by-bit C2C loopback comparison found a data mismatch on at least one datalink/lane. | cases: C2cIntegrityMultiChipTestCase | L10.C2C.SOHU_SERDES
added,l10,L10 Test,TH-C2C-0008,C2C_THROUGHPUT_BELOW_THRESHOLD,,TH-C2C-0008-S2Q9,code,,"C2C_THROUGHPUT_BELOW_THRESHOLD | TH-C2C-0008-S2Q9 | The large C2C transfer did not meet its acceptance criteria: measured throughput below the configured percentage of line rate (90% in the 1X suite), or the post-FEC uncorrected error fraction above its limit. | cases: C2cThroughputMultiChipTestCase | L10.C2C.SOHU_SERDES"
added,l10,L10 Test,TH-DMA-0002,DMA_DATA_PATH_TEST_FAILED,,TH-DMA-0002-S2Q6,code,,DMA_DATA_PATH_TEST_FAILED | TH-DMA-0002-S2Q6 | Host-chip DMA data-path test failure | cases: SohuDmaMultiChipTestCase | L10.DMA.HOST_CHIP_PATH
added,l10,L10 Test,TH-ENV-0009,HOST_OR_BMC_UNREACHABLE,,TH-ENV-0009-S4Q9,code,,"HOST_OR_BMC_UNREACHABLE | TH-ENV-0009-S4Q9 | The station host or its BMC did not answer ping or SSH after boot, so no module test could start. | cases: SohuHostRebootTestCase, BmcPowerCycle, BmcConnectivityCheck | L10.ENV.STATION"
added,l10,L10 Test,TH-ENV-0010,PLX_SWITCH_DISCOVERY_FAILED,,TH-ENV-0010-S4Q9,code,,"PLX_SWITCH_DISCOVERY_FAILED | TH-ENV-0010-S4Q9 | PLX daemon reported no PEX switches | cases: CheckPlxDaemonFirmwareVersion, UpdatePlxDaemonFirmwareVersion | L10.ENV.STATION"
added,l10,L10 Test,TH-ENV-0011,HOST_DRIVER_SETUP_FAILED,,TH-ENV-0011-S4Q9,code,,"HOST_DRIVER_SETUP_FAILED | TH-ENV-0011-S4Q9 | A host driver/setup utility step failed: kernel module reload, PCIe teardown or bus rescan, sysfs parameter write, or log-reader activation returned non-zero. | cases: SoftwareProvisioning, BroadcomUpdateFwAndConfigure | L10.ENV.STATION"
added,l10,L10 Test,TH-ENV-0012,WEIGHTS_STAGE_TO_DISK_FAILED,,TH-ENV-0012-S4Q9,code,,"WEIGHTS_STAGE_TO_DISK_FAILED | TH-ENV-0012-S4Q9 | The requested model weights could not be mirrored onto the server's local disk, or the destination lacked the free space to hold them. | cases: StageWeightsTestCase | L10.ENV.WEIGHTS_CACHE"
added,l10,L10 Test,TH-ENV-0013,WEIGHTS_DISK_CLEANUP_FAILED,,TH-ENV-0013-S4Q9,code,,WEIGHTS_DISK_CLEANUP_FAILED | TH-ENV-0013-S4Q9 | The staged model weights could not be removed from the server's local disk during cleanup. | cases: FreeWeightsTestCase | L10.ENV.WEIGHTS_CACHE
added,l10,L10 Test,TH-FW-0032,SOHU_FIRMWARE_HASH_MISMATCH,,TH-FW-0032-S4Q9,code,,"SOHU_FIRMWARE_HASH_MISMATCH | TH-FW-0032-S4Q9 | The ASIC booted application firmware after the update, but the running image hash does not match the hash in the image package that was just staged. | cases: MultiChipSohuHotReloadFirmwareUpdateTestCase | L10.FW.FIRMWARE"
added,l10,L10 Test,TH-FW-0033,DVFS_PROFILE_APPLY_FAILED,,TH-FW-0033-S5Q9,code,,DVFS_PROFILE_APPLY_FAILED | TH-FW-0033-S5Q9 | Board DVFS profile detection or application failed | cases: SohuSetClockProfileMultiChipTestCase | L10.FW.FIRMWARE
added,l10,L10 Test,TH-FW-0034,SOHU_HOT_RELOAD_INELIGIBLE,,TH-FW-0034-S5Q9,code,,"SOHU_HOT_RELOAD_INELIGIBLE | TH-FW-0034-S5Q9 | Hot reload could not start, so no firmware was written | cases: MultiChipSohuHotReloadFirmwareUpdateTestCase | L10.FW.FIRMWARE"
added,l10,L10 Test,TH-FW-0035,SOHU_SECURITY_STATE_QUERY_FAILED,,TH-FW-0035-S4Q9,code,,"SOHU_SECURITY_STATE_QUERY_FAILED | TH-FW-0035-S4Q9 | The running Sohu firmware did not report its security mode or TPM state, so the required provisioning could not be judged. | cases: CheckSohuSecurityState | L10.FW.SOHU"
added,l10,L10 Test,TH-FW-0036,SOHU_SECURITY_MODE_MISMATCH,,TH-FW-0036-S2Q9,code,,"SOHU_SECURITY_MODE_MISMATCH | TH-FW-0036-S2Q9 | The running Sohu firmware does not enforce the required security mode, so the unit is not running production-locked firmware. | cases: CheckSohuSecurityState | L10.FW.SOHU"
added,l10,L10 Test,TH-FW-0037,SOHU_TPM_PROVISIONING_MISMATCH,,TH-FW-0037-S2Q9,code,,"SOHU_TPM_PROVISIONING_MISMATCH | TH-FW-0037-S2Q9 | The Sohu TPM does not carry the required provisioning: its anti-rollback state is not permanent, or debug signing keys are not revoked. | cases: CheckSohuSecurityState | L10.FW.SOHU"
added,l10,L10 Test,TH-FW-0038,SOHU_SPDM_ATTESTATION_FAILED,,TH-FW-0038-S2Q9,code,,"SOHU_SPDM_ATTESTATION_FAILED | TH-FW-0038-S2Q9 | A Sohu did not attest over SPDM: its certificate chain does not validate against the required trust anchor, its measurements do not match the policy, it did not answer, or its attestation report is unusable. | cases: SpdmAttestMultiChipTestCase | L10.FW.SOHU"
added,l10,L10 Test,TH-FW-0039,SOHU_SPDM_ATTESTATION_UNAVAILABLE,,TH-FW-0039-S4Q9,code,,"SOHU_SPDM_ATTESTATION_UNAVAILABLE | TH-FW-0039-S4Q9 | The station could not run SPDM attestation for one or more chips: the PCIe MCTP tunnel could not be served or reached, or the verifier could not be launched or its output written. The affected chips were not judged. | cases: SpdmAttestMultiChipTestCase | L10.HAR.HARNESS"
added,l10,L10 Test,TH-FW-0040,SOHU_DEBUG_KEY_REVOCATION_FAILED,,TH-FW-0040-S2Q9,code,,"SOHU_DEBUG_KEY_REVOCATION_FAILED | TH-FW-0040-S2Q9 | The root of trust refused or did not apply the debug signing-key revocation, or the revoked mask read back after reset does not cover every debug slot. | cases: RevokeSohuDebugKeys | L10.FW.SOHU"
added,l10,L10 Test,TH-HBM-0009,HBM_PMBIST_FAILED,,TH-HBM-0009-S2Q9,code,,HBM_PMBIST_FAILED | TH-HBM-0009-S2Q9 | HBM PMBIST failure | cases: SohuPmbistMultiChipTestCase | L10.HBM.HBM
added,l10,L10 Test,TH-HBM-0010,HBM_MTC_STRESS_FAILED,,TH-HBM-0010-S2Q6,code,,HBM_MTC_STRESS_FAILED | TH-HBM-0010-S2Q6 | HBM MTC stress test failure | cases: SohuMtcStressMultiChipTestCase | L10.HBM.HBM
added,l10,L10 Test,TH-HBM-0011,HBM_DMA_BANDWIDTH_BELOW_THRESHOLD,,TH-HBM-0011-S2Q9,code,,HBM_DMA_BANDWIDTH_BELOW_THRESHOLD | TH-HBM-0011-S2Q9 | PCIe-to-HBM read or write throughput on the side under test did not reach the configured min_bandwidth_gb_s floor. | cases: SohuDmaMultiChipTestCase | L10.HBM.HBM
added,l10,L10 Test,TH-HBM-0012,HBM_DEVICE_ID_MISMATCH,,TH-HBM-0012-S2Q9,code,,HBM_DEVICE_ID_MISMATCH | TH-HBM-0012-S2Q9 | HBM device ID read failure or mismatch | cases: SohuHbmDeviceIdMultiChipTestCase | L10.HBM.HBM
added,l10,L10 Test,TH-HBM-0013,HBM_LANE_REPAIR_INCONCLUSIVE,,TH-HBM-0013-S4Q9,code,,"HBM_LANE_REPAIR_INCONCLUSIVE | TH-HBM-0013-S4Q9 | HBM lane repair sweep did not complete, so repairability was never established | cases: SohuLaneRepairMultiChipTestCase | L10.HBM.HBM"
added,l10,L10 Test,TH-MEZZ-0004,MEZZ_CPLD_ACCESS_FAILED,,TH-MEZZ-0004-S2Q6,code,,MEZZ_CPLD_ACCESS_FAILED | TH-MEZZ-0004-S2Q6 | Mezz/eval CPLD register access or write failure | cases: CpldDiagnosticsRemoteTestCase | L10.MEZZ.CPLD
added,l10,L10 Test,TH-NIC-0036,NIC_PORT_INTERFACE_MISSING,,TH-NIC-0036-S4Q9,code,,"NIC_PORT_INTERFACE_MISSING | TH-NIC-0036-S4Q9 | netd reported a NIC port with no kernel interface name, so ethtool cannot read that port's module EEPROM and the cable there cannot be verified. | cases: CheckCable | L10.NIC.PORT"
added,l10,L10 Test,TH-NIC-0037,CABLE_MODULE_INFO_INCOMPLETE,,TH-NIC-0037-S4Q9,code,,"CABLE_MODULE_INFO_INCOMPLETE | TH-NIC-0037-S4Q9 | A pluggable module was read but cannot be checked: netd gave its port no position identifier or one outside the known layout, or the module did not report every identity field the check requires. | cases: CheckCable | L10.NIC.CABLE"
added,l10,L10 Test,TH-NIC-0038,CABLE_MISSING_AT_POSITION,,TH-NIC-0038-S2Q9,code,,"CABLE_MISSING_AT_POSITION | TH-NIC-0038-S2Q9 | The BOM declares a cable at a port position where none was found: no NIC reported that position, the port was pruned earlier, or the module read failed. | cases: CheckCable | L10.NIC.CABLE"
added,l10,L10 Test,TH-NIC-0039,NIC_PORT_POSITION_AMBIGUOUS,,TH-NIC-0039-S4Q9,code,,"NIC_PORT_POSITION_AMBIGUOUS | TH-NIC-0039-S4Q9 | More than one module reported the same port position, so the check cannot tell which one is physically there and prunes all of them rather than guessing. | cases: CheckCable | L10.NIC.PORT"
added,l10,L10 Test,TH-NIC-0040,CABLE_IDENTITY_MISMATCH,,TH-NIC-0040-S2Q9,code,,"CABLE_IDENTITY_MISMATCH | TH-NIC-0040-S2Q9 | A module's identity fields do not match the BOM entry for its port position: Vendor PN (including the entry's alternate part numbers), Vendor name, Identifier, Transmitter technology, or a shopfloor-declared Vendor SN. | cases: CheckCable | L10.NIC.CABLE"
added,l10,L10 Test,TH-NIC-0041,CABLE_UNEXPECTED_AT_POSITION,,TH-NIC-0041-S2Q9,code,,CABLE_UNEXPECTED_AT_POSITION | TH-NIC-0041-S2Q9 | A module was found at a port position where the BOM declares no cable. | cases: CheckCable | L10.NIC.CABLE
added,l10,L10 Test,TH-PCIE-0020,PCIE_HBM_DMA_DATA_MISMATCH,,TH-PCIE-0020-S2Q9,code,,PCIE_HBM_DMA_DATA_MISMATCH | TH-PCIE-0020-S2Q9 | PCIe->HBM DMA data integrity mismatch | cases: SohuDmaMultiChipTestCase | L10.PCIE.HOST_PCIE
added,l10,L10 Test,TH-SOHU-0029,SOHU_SRAM_TEST_FAILED,,TH-SOHU-0029-S2Q9,code,,SOHU_SRAM_TEST_FAILED | TH-SOHU-0029-S2Q9 | On-chip SRAM test failure (stuck bits / readback mismatch) | cases: SohuSramMemoryMultiChipTestCase | L10.SOHU.SOHU_CHIP
added,l10,L10 Test,TH-SOHU-0030,SOHU_WORKLOAD_TIMEOUT,,TH-SOHU-0030-S2Q9,code,,"SOHU_WORKLOAD_TIMEOUT | TH-SOHU-0030-S2Q9 | Workload hang / operation timeout | cases: SohuMlpTp8TestCase, SohuLlama70bForwardIteratedTestCase, SohuLlama70bHp8ForwardIteratedTestCase, SohuLlamaHp2Up4CachedInferenceMaxTestCase, SohuLlamaHp2Up4NospecInferenceMaxTestCase, SohuLlamaHp8CachedInferenceMaxTestCase, Llama8bFp8Tp1SmokeTestCase, SohuPowerVirusMultiChipTestCase | L10.SOHU.SOHU_CHIP"
added,l10,L10 Test,TH-SOHU-0031,SOHU_WEIGHT_LOAD_MISMATCH,,TH-SOHU-0031-S2Q9,code,,"SOHU_WEIGHT_LOAD_MISMATCH | TH-SOHU-0031-S2Q9 | Weight load spot-check mismatch | cases: SohuLlama70bForwardIteratedTestCase, SohuLlama70bHp8ForwardIteratedTestCase, SohuLlamaHp2Up4CachedInferenceMaxTestCase, SohuLlamaHp2Up4NospecInferenceMaxTestCase, SohuLlamaHp8CachedInferenceMaxTestCase, Llama8bFp8Tp1SmokeTestCase | L10.SOHU.SOHU_CHIP"
added,l10,L10 Test,TH-SOHU-0032,SOHU_INFERENCE_THROUGHPUT_BELOW_THRESHOLD,,TH-SOHU-0032-S2Q9,code,,"SOHU_INFERENCE_THROUGHPUT_BELOW_THRESHOLD | TH-SOHU-0032-S2Q9 | Sustained inference throughput on the million-token test did not reach 95% of the suite's expected_chip_tokens_per_second. | cases: SohuLlamaHp2Up4CachedInferenceMaxTestCase, SohuLlamaHp2Up4NospecInferenceMaxTestCase, SohuLlamaHp8CachedInferenceMaxTestCase | L10.SOHU.SOHU_CHIP"
added,l10,L10 Test,TH-SOHU-0033,SOHU_INFERENCE_NUMERIC_MISMATCH,,TH-SOHU-0033-S2Q9,code,,"SOHU_INFERENCE_NUMERIC_MISMATCH | TH-SOHU-0033-S2Q9 | End-to-end inference numeric mismatch vs reference | cases: SohuMlpTp8TestCase, SohuLlama70bForwardIteratedTestCase, SohuLlama70bHp8ForwardIteratedTestCase, SohuLlamaHp2Up4CachedInferenceMaxTestCase, SohuLlamaHp2Up4NospecInferenceMaxTestCase, SohuLlamaHp8CachedInferenceMaxTestCase, Llama8bFp8Tp1SmokeTestCase | L10.SOHU.SOHU_CHIP"
added,l10,L10 Test,TH-SOHU-0034,SOHU_FLR_FAILED,,TH-SOHU-0034-S2Q9,code,,SOHU_FLR_FAILED | TH-SOHU-0034-S2Q9 | FLR failed / flr_timeout_s 5.0s / recovery_timeout_s 10.0s / not pingable between FLRs | cases: SohuFlrMultiChipTestCase | L10.SOHU.SOHU_CHIP
added,l10,L10 Test,TH-SOHU-0035,SOHU_SNAPSHOT_CAPTURE_FAILED,,TH-SOHU-0035-S4Q9,code,,SOHU_SNAPSHOT_CAPTURE_FAILED | TH-SOHU-0035-S4Q9 | Chip state snapshot capture failed | cases: SohuSnapTestCase | L10.SOHU.SOHU_CHIP
added,l10,L10 Test,TH-SOHU-0036,SOHU_VFIO_PING_LATENCY_EXCEEDED,,TH-SOHU-0036-S2Q9,code,,"SOHU_VFIO_PING_LATENCY_EXCEEDED | TH-SOHU-0036-S2Q9 | VFIO ping responses received but none within the allowed latency (device pingable, latency out of spec) | cases: SohuVfioPingMultiChipTestCase | L10.SOHU.SOHU_CHIP"
added,l10,L10 Test,TH-THM-0012,THERMAL_DIODE_READING_INVALID,,TH-THM-0012-S2Q6,code,,"THERMAL_DIODE_READING_INVALID | TH-THM-0012-S2Q6 | Thermal diode temperature reading out of the qualified range, reported invalid by the sensor, or an uncalibrated mezzanine diode reading below 0 C. | cases: SohuDtsMultiChipTestCase | L10.THM.THERMAL"
added,l10,L10 Test,TH-THM-0013,DTS_SPREAD_EXCEEDED,,TH-THM-0013-S2Q6,code,,DTS_SPREAD_EXCEEDED | TH-THM-0013-S2Q6 | The peak-to-peak spread across usable Sohu DTS readings exceeded the configured deviation limit. | cases: SohuDtsMultiChipTestCase | L10.THM.THERMAL
added,l10,L10 Test,TH-THM-0014,CATASTROPHIC_THERMAL_TRIP,,TH-THM-0014-S2Q6,code,,CATASTROPHIC_THERMAL_TRIP | TH-THM-0014-S2Q6 | Catastrophic trip event during stress workload | cases: SohuPowerVirusMultiChipTestCase | L10.THM.THERMAL
added,l10,L10 Test,TH-THM-0015,DTS_DEVIATION_UNDER_STRESS,,TH-THM-0015-S4Q9,code,,DTS_DEVIATION_UNDER_STRESS | TH-THM-0015-S4Q9 | DTS peak-to-peak deviation under power virus out of bounds | cases: SohuPowerVirusMultiChipTestCase | L10.THM.THERMAL
added,l10,L10 Test,TH-THM-0016,PEAK_DTS_TEMPERATURE_EXCEEDED,,TH-THM-0016-S2Q9,code,,PEAK_DTS_TEMPERATURE_EXCEEDED | TH-THM-0016-S2Q9 | Peak DTS temperature under power virus exceeds expected maximum | cases: SohuPowerVirusMultiChipTestCase | L10.THM.THERMAL
added,mlt,MLT / 1X Module Test,TH-C2C-0005,C2C_PRBS_ERROR_THRESHOLD_EXCEEDED,,TH-C2C-0005-S2Q9,stage,previously in L10 Test,MLT / 1X Module Test
added,mlt,MLT / 1X Module Test,TH-C2C-0009,C2C_LINK_STABILITY_FAILED,,TH-C2C-0009-S2Q9,code,,C2C_LINK_STABILITY_FAILED | TH-C2C-0009-S2Q9 | A C2C lane lost lock in the stability test and went link down. This is a risk for kayak and this should be investigated. | cases: C2cLinkStabilityMultiChipTestCase | 1X.C2C.SOHU_SERDES
added,mlt,MLT / 1X Module Test,TH-FW-0018,SOHU_FIRMWARE_VERSION_MISMATCH,,TH-FW-0018-S5Q9,stage,previously in L10 Test,MLT / 1X Module Test
added,1x,MLT / 1X Module Test,TH-HBM-0014,HBM_NOT_TRAINED_FOR_REQUIRED_SPEED,,TH-HBM-0014-S5Q9,code,,"HBM_NOT_TRAINED_FOR_REQUIRED_SPEED | TH-HBM-0014-S5Q9 | The chip does not carry HBM DCDL training covering every pseudo-channel of every HBM at the data rate the suite requires, or is running a different rate. Also covers a Flash init-config overlay that does not decode at all, which means no persisted training exists. Firmware refuses an untrained module its trained production point, and nothing else in the suite fails on such a chip, so without this check an untrained socket ships. The emitting case only reads the persisted records and the running speed bin; it changes nothing on the chip. | cases:  | 1X.HBM.STACK"
added,mlt,MLT / 1X Module Test,TH-MEZZ-0003,EXPECTED_MEZZANINE_I2C_ALERT_NOT_OBSERVED,,TH-MEZZ-0003-S2Q6,code,,EXPECTED_MEZZANINE_I2C_ALERT_NOT_OBSERVED | TH-MEZZ-0003-S2Q6 | Expected mezzanine I2C alert was not observed. | cases: MezzanineI2cAlertsTestCase | 1X.MEZZ.I2C
added,1x,MLT / 1X Module Test,TH-THM-0017,CPLD_CATTRIP_DETECTED,,TH-THM-0017-S2Q9,code,,"CPLD_CATTRIP_DETECTED | TH-THM-0017-S2Q9 | The mezzanine CPLD reports a cattrip: the MCU cattrip latch is set, MCU cattrip is live with VCC_1V2 good, or an HBM cattrip channel is active. Emitted by CpldDiagnosticsTestCase when run with fail_on_cattrip, so the verdict names the thermal event instead of the workload that died under it. | cases: CpldDiagnosticsTestCase | 1X.THM.TRIP"
removed,,L10 Test,TH-C2C-0002,C2C_INTEGRITY_MISMATCH,TH-C2C-0002-S2Q9,,stage,L10 Test,still listed in MLT / 1X Module Test
removed,,L10 Test,TH-C2C-0003,C2C_THROUGHPUT_BELOW_THRESHOLD,TH-C2C-0003-S2Q9,,stage,L10 Test,still listed in MLT / 1X Module Test
removed,,L10 Test,TH-DMA-0001,DMA_DATA_PATH_TEST_FAILED,TH-DMA-0001-S2Q6,,stage,L10 Test,still listed in MLT / 1X Module Test
removed,,L10 Test,TH-ENV-0001,HOST_OR_BMC_UNREACHABLE,TH-ENV-0001-S4Q9,,stage,L10 Test,still listed in Common
removed,,L10 Test,TH-ENV-0003,PLX_SWITCH_DISCOVERY_FAILED,TH-ENV-0003-S4Q9,,stage,L10 Test,still listed in Common
removed,,L10 Test,TH-ENV-0004,HOST_DRIVER_SETUP_FAILED,TH-ENV-0004-S4Q9,,stage,L10 Test,still listed in Common
removed,,L10 Test,TH-FW-0002,SOHU_FIRMWARE_HASH_MISMATCH,TH-FW-0002-S4Q9,,stage,L10 Test,still listed in MLT / 1X Module Test
removed,,L10 Test,TH-FW-0006,DVFS_PROFILE_APPLY_FAILED,TH-FW-0006-S5Q9,,stage,L10 Test,still listed in MLT / 1X Module Test
removed,,L10 Test,TH-FW-0009,SOHU_HOT_RELOAD_INELIGIBLE,TH-FW-0009-S5Q9,,stage,L10 Test,still listed in MLT / 1X Module Test
removed,,L10 Test,TH-HBM-0001,HBM_PMBIST_FAILED,TH-HBM-0001-S2Q9,,stage,L10 Test,still listed in MLT / 1X Module Test
removed,,L10 Test,TH-HBM-0004,HBM_MTC_STRESS_FAILED,TH-HBM-0004-S2Q6,,stage,L10 Test,still listed in MLT / 1X Module Test
removed,,L10 Test,TH-HBM-0005,HBM_DMA_BANDWIDTH_BELOW_THRESHOLD,TH-HBM-0005-S2Q9,,stage,L10 Test,still listed in MLT / 1X Module Test
removed,,L10 Test,TH-HBM-0007,HBM_DEVICE_ID_MISMATCH,TH-HBM-0007-S2Q9,,stage,L10 Test,still listed in MLT / 1X Module Test
removed,,L10 Test,TH-HBM-0008,HBM_LANE_REPAIR_INCONCLUSIVE,TH-HBM-0008-S4Q9,,stage,L10 Test,still listed in MLT / 1X Module Test
removed,,L10 Test,TH-MEZZ-0001,MEZZ_CPLD_ACCESS_FAILED,TH-MEZZ-0001-S2Q6,,stage,L10 Test,still listed in MLT / 1X Module Test
removed,,L10 Test,TH-PCIE-0004,PCIE_HBM_DMA_DATA_MISMATCH,TH-PCIE-0004-S2Q9,,stage,L10 Test,still listed in MLT / 1X Module Test
removed,,L10 Test,TH-SOHU-0011,SOHU_SRAM_TEST_FAILED,TH-SOHU-0011-S2Q9,,stage,L10 Test,still listed in MLT / 1X Module Test
removed,,L10 Test,TH-SOHU-0015,SOHU_WORKLOAD_TIMEOUT,TH-SOHU-0015-S2Q9,,stage,L10 Test,still listed in MLT / 1X Module Test
removed,,L10 Test,TH-SOHU-0016,SOHU_WEIGHT_LOAD_MISMATCH,TH-SOHU-0016-S2Q9,,stage,L10 Test,still listed in MLT / 1X Module Test
removed,,L10 Test,TH-SOHU-0017,SOHU_INFERENCE_THROUGHPUT_BELOW_THRESHOLD,TH-SOHU-0017-S2Q9,,stage,L10 Test,still listed in MLT / 1X Module Test
removed,,L10 Test,TH-SOHU-0018,SOHU_INFERENCE_NUMERIC_MISMATCH,TH-SOHU-0018-S2Q9,,stage,L10 Test,still listed in MLT / 1X Module Test
removed,,L10 Test,TH-SOHU-0019,SOHU_FLR_FAILED,TH-SOHU-0019-S2Q9,,stage,L10 Test,still listed in MLT / 1X Module Test
removed,,L10 Test,TH-SOHU-0025,SOHU_SNAPSHOT_CAPTURE_FAILED,TH-SOHU-0025-S4Q9,,stage,L10 Test,still listed in MLT / 1X Module Test
removed,,L10 Test,TH-SOHU-0027,SOHU_VFIO_PING_LATENCY_EXCEEDED,TH-SOHU-0027-S2Q9,,stage,L10 Test,still listed in MLT / 1X Module Test
removed,,L10 Test,TH-THM-0001,THERMAL_DIODE_READING_INVALID,TH-THM-0001-S2Q6,,stage,L10 Test,still listed in MLT / 1X Module Test
removed,,L10 Test,TH-THM-0002,DTS_SPREAD_EXCEEDED,TH-THM-0002-S2Q6,,stage,L10 Test,still listed in MLT / 1X Module Test
removed,,L10 Test,TH-THM-0004,CATASTROPHIC_THERMAL_TRIP,TH-THM-0004-S2Q6,,stage,L10 Test,still listed in MLT / 1X Module Test
removed,,L10 Test,TH-THM-0005,DTS_DEVIATION_UNDER_STRESS,TH-THM-0005-S4Q9,,stage,L10 Test,still listed in MLT / 1X Module Test
removed,,L10 Test,TH-THM-0006,PEAK_DTS_TEMPERATURE_EXCEEDED,TH-THM-0006-S2Q9,,stage,L10 Test,still listed in MLT / 1X Module Test
removed,,MLT / 1X Module Test,TH-ENV-0001,HOST_NOT_REACHABLE_AFTER_BOOT,TH-ENV-0001-S4Q9,,stage,MLT / 1X Module Test,still listed in Common
removed,,MLT / 1X Module Test,TH-ENV-0003,PLX_DAEMON_NO_PEX_SWITCHES,TH-ENV-0003-S4Q9,,stage,MLT / 1X Module Test,still listed in Common
removed,,MLT / 1X Module Test,TH-ENV-0004,HOST_SETUP_STEP_FAILED,TH-ENV-0004-S4Q9,,stage,MLT / 1X Module Test,still listed in Common
removed,,MLT / 1X Module Test,TH-HAR-0002,TEST_ARGS_INVALID,TH-HAR-0002-S5Q9,,stage,MLT / 1X Module Test,"still listed in Common, L10 Test"
removed,,MLT / 1X Module Test,TH-HAR-0003,TEST_DEPENDENCY_UNAVAILABLE,TH-HAR-0003-S5Q9,,stage,MLT / 1X Module Test,"still listed in Common, L10 Test"
removed,,MLT / 1X Module Test,TH-HAR-0004,NESTED_SUITE_ORCHESTRATION_FAILED,TH-HAR-0004-S4Q9,,stage,MLT / 1X Module Test,"still listed in Common, L10 Test"
removed,,MLT / 1X Module Test,TH-SOHU-0028,,TH-SOHU-0028-S4Q9,,stage,MLT / 1X Module Test,still listed in L10 Test
moved,common,Common,TH-ENV-0002,STATION_FIXTURE_SETUP_CHECK_FAILED,TH-ENV-0002-S4Q9,TH-ENV-0002-S4Q9,stage,MLT / 1X Module Test,Common
moved,common,Common,TH-PWR-0001,STATION_PSU_LOAD_IMBALANCE,TH-PWR-0001-S4Q2,TH-PWR-0001-S4Q2,stage,MLT / 1X Module Test,Common
retired,mlt,MLT / 1X Module Test,TH-HBM-0005,HBM_BANDWIDTH_BELOW_THRESHOLD,TH-HBM-0005-S2Q9,TH-HBM-0005-S2Q9,retired,,true
retired,mlt,MLT / 1X Module Test,TH-SOHU-0026,PLL_GLITCH_FREQUENCY_READBACK_FAILED,TH-SOHU-0026-S2Q9,TH-SOHU-0026-S2Q9,retired,,true
updated,common,Common,TH-ENV-0002,STATION_FIXTURE_SETUP_CHECK_FAILED,TH-ENV-0002-S4Q9,TH-ENV-0002-S4Q9,message,Station fixture/setup check failed (Chroma telemetry / eval board power / vfio-proxy or PEX version),Station fixture/setup check failed (Chroma telemetry / eval board power / vfio-proxy version query or mismatch / PEX version).
updated,common,Common,TH-ENV-0002,STATION_FIXTURE_SETUP_CHECK_FAILED,TH-ENV-0002-S4Q9,TH-ENV-0002-S4Q9,component,ENV,1X.ENV.STATION_FIXTURE
updated,common,Common,TH-PWR-0001,STATION_PSU_LOAD_IMBALANCE,TH-PWR-0001-S4Q2,TH-PWR-0001-S4Q2,message,Station PSU load imbalance >5% or PGOOD failure,Station PSU load imbalance above 5% or PGOOD failure (fixture problem; excluded from module yield).
updated,common,Common,TH-PWR-0001,STATION_PSU_LOAD_IMBALANCE,TH-PWR-0001-S4Q2,TH-PWR-0001-S4Q2,component,PWR,1X.PWR.STATION_PSU
updated,l10,L10 Test,TH-BIOS-0001,BIOS_EXPECTED_CONFIG_UNAVAILABLE,TH-BIOS-0001-S5Q9,TH-BIOS-0001-S5Q9,category,,5
updated,l10,L10 Test,TH-BIOS-0001,BIOS_EXPECTED_CONFIG_UNAVAILABLE,TH-BIOS-0001-S5Q9,TH-BIOS-0001-S5Q9,component,BIOS,L10.BIOS.BIOS
updated,l10,L10 Test,TH-BIOS-0001,BIOS_EXPECTED_CONFIG_UNAVAILABLE,TH-BIOS-0001-S5Q9,TH-BIOS-0001-S5Q9,disposition,,ERROR
updated,l10,L10 Test,TH-BIOS-0001,BIOS_EXPECTED_CONFIG_UNAVAILABLE,TH-BIOS-0001-S5Q9,TH-BIOS-0001-S5Q9,retryable,,false
updated,l10,L10 Test,TH-BIOS-0001,BIOS_EXPECTED_CONFIG_UNAVAILABLE,TH-BIOS-0001-S5Q9,TH-BIOS-0001-S5Q9,owner,,supercomputing-sw
updated,l10,L10 Test,TH-BIOS-0001,BIOS_EXPECTED_CONFIG_UNAVAILABLE,TH-BIOS-0001-S5Q9,TH-BIOS-0001-S5Q9,since,,harness 2026.226
updated,l10,L10 Test,TH-BIOS-0001,BIOS_EXPECTED_CONFIG_UNAVAILABLE,TH-BIOS-0001-S5Q9,TH-BIOS-0001-S5Q9,doc_url,,https://docs.google.com/document/d/1-_YC_cXvi3FtKd51jIetY9pER8JtCxH5dBE9UvndZWU/edit
updated,l10,L10 Test,TH-BIOS-0001,BIOS_EXPECTED_CONFIG_UNAVAILABLE,TH-BIOS-0001-S5Q9,TH-BIOS-0001-S5Q9,registry_status,sheet only,in registry
updated,l10,L10 Test,TH-BIOS-0002,BIOS_VERSION_QUERY_FAILED,TH-BIOS-0002-S4Q9,TH-BIOS-0002-S4Q9,category,,7
updated,l10,L10 Test,TH-BIOS-0002,BIOS_VERSION_QUERY_FAILED,TH-BIOS-0002-S4Q9,TH-BIOS-0002-S4Q9,component,BIOS,L10.BIOS.BIOS
updated,l10,L10 Test,TH-BIOS-0002,BIOS_VERSION_QUERY_FAILED,TH-BIOS-0002-S4Q9,TH-BIOS-0002-S4Q9,disposition,,ERROR
updated,l10,L10 Test,TH-BIOS-0002,BIOS_VERSION_QUERY_FAILED,TH-BIOS-0002-S4Q9,TH-BIOS-0002-S4Q9,retryable,,false
updated,l10,L10 Test,TH-BIOS-0002,BIOS_VERSION_QUERY_FAILED,TH-BIOS-0002-S4Q9,TH-BIOS-0002-S4Q9,owner,,supercomputing-sw
updated,l10,L10 Test,TH-BIOS-0002,BIOS_VERSION_QUERY_FAILED,TH-BIOS-0002-S4Q9,TH-BIOS-0002-S4Q9,since,,harness 2026.226
updated,l10,L10 Test,TH-BIOS-0002,BIOS_VERSION_QUERY_FAILED,TH-BIOS-0002-S4Q9,TH-BIOS-0002-S4Q9,doc_url,,https://docs.google.com/document/d/1-_YC_cXvi3FtKd51jIetY9pER8JtCxH5dBE9UvndZWU/edit
updated,l10,L10 Test,TH-BIOS-0002,BIOS_VERSION_QUERY_FAILED,TH-BIOS-0002-S4Q9,TH-BIOS-0002-S4Q9,registry_status,sheet only,in registry
updated,l10,L10 Test,TH-BIOS-0003,BIOS_VERSION_OUTPUT_INVALID,TH-BIOS-0003-S4Q9,TH-BIOS-0003-S4Q9,category,,7
updated,l10,L10 Test,TH-BIOS-0003,BIOS_VERSION_OUTPUT_INVALID,TH-BIOS-0003-S4Q9,TH-BIOS-0003-S4Q9,component,BIOS,L10.BIOS.BIOS
updated,l10,L10 Test,TH-BIOS-0003,BIOS_VERSION_OUTPUT_INVALID,TH-BIOS-0003-S4Q9,TH-BIOS-0003-S4Q9,disposition,,ERROR
updated,l10,L10 Test,TH-BIOS-0003,BIOS_VERSION_OUTPUT_INVALID,TH-BIOS-0003-S4Q9,TH-BIOS-0003-S4Q9,retryable,,false
updated,l10,L10 Test,TH-BIOS-0003,BIOS_VERSION_OUTPUT_INVALID,TH-BIOS-0003-S4Q9,TH-BIOS-0003-S4Q9,owner,,supercomputing-sw
updated,l10,L10 Test,TH-BIOS-0003,BIOS_VERSION_OUTPUT_INVALID,TH-BIOS-0003-S4Q9,TH-BIOS-0003-S4Q9,since,,harness 2026.226
updated,l10,L10 Test,TH-BIOS-0003,BIOS_VERSION_OUTPUT_INVALID,TH-BIOS-0003-S4Q9,TH-BIOS-0003-S4Q9,doc_url,,https://docs.google.com/document/d/1-_YC_cXvi3FtKd51jIetY9pER8JtCxH5dBE9UvndZWU/edit
updated,l10,L10 Test,TH-BIOS-0003,BIOS_VERSION_OUTPUT_INVALID,TH-BIOS-0003-S4Q9,TH-BIOS-0003-S4Q9,registry_status,sheet only,in registry
updated,l10,L10 Test,TH-BIOS-0004,BIOS_VERSION_MISMATCH,TH-BIOS-0004-S5Q9,TH-BIOS-0004-S5Q9,category,,5
updated,l10,L10 Test,TH-BIOS-0004,BIOS_VERSION_MISMATCH,TH-BIOS-0004-S5Q9,TH-BIOS-0004-S5Q9,component,BIOS,L10.BIOS.BIOS
updated,l10,L10 Test,TH-BIOS-0004,BIOS_VERSION_MISMATCH,TH-BIOS-0004-S5Q9,TH-BIOS-0004-S5Q9,disposition,,FAILED
updated,l10,L10 Test,TH-BIOS-0004,BIOS_VERSION_MISMATCH,TH-BIOS-0004-S5Q9,TH-BIOS-0004-S5Q9,retryable,,false
updated,l10,L10 Test,TH-BIOS-0004,BIOS_VERSION_MISMATCH,TH-BIOS-0004-S5Q9,TH-BIOS-0004-S5Q9,owner,,supercomputing-sw
updated,l10,L10 Test,TH-BIOS-0004,BIOS_VERSION_MISMATCH,TH-BIOS-0004-S5Q9,TH-BIOS-0004-S5Q9,since,,harness 2026.226
updated,l10,L10 Test,TH-BIOS-0004,BIOS_VERSION_MISMATCH,TH-BIOS-0004-S5Q9,TH-BIOS-0004-S5Q9,doc_url,,https://docs.google.com/document/d/1-_YC_cXvi3FtKd51jIetY9pER8JtCxH5dBE9UvndZWU/edit
updated,l10,L10 Test,TH-BIOS-0004,BIOS_VERSION_MISMATCH,TH-BIOS-0004-S5Q9,TH-BIOS-0004-S5Q9,registry_status,sheet only,in registry
updated,l10,L10 Test,TH-BIOS-0005,BIOS_BOOT_ORDER_QUERY_FAILED,TH-BIOS-0005-S4Q9,TH-BIOS-0005-S4Q9,category,,7
updated,l10,L10 Test,TH-BIOS-0005,BIOS_BOOT_ORDER_QUERY_FAILED,TH-BIOS-0005-S4Q9,TH-BIOS-0005-S4Q9,component,BIOS,L10.BIOS.BIOS
updated,l10,L10 Test,TH-BIOS-0005,BIOS_BOOT_ORDER_QUERY_FAILED,TH-BIOS-0005-S4Q9,TH-BIOS-0005-S4Q9,disposition,,ERROR
updated,l10,L10 Test,TH-BIOS-0005,BIOS_BOOT_ORDER_QUERY_FAILED,TH-BIOS-0005-S4Q9,TH-BIOS-0005-S4Q9,retryable,,false
updated,l10,L10 Test,TH-BIOS-0005,BIOS_BOOT_ORDER_QUERY_FAILED,TH-BIOS-0005-S4Q9,TH-BIOS-0005-S4Q9,owner,,supercomputing-sw
updated,l10,L10 Test,TH-BIOS-0005,BIOS_BOOT_ORDER_QUERY_FAILED,TH-BIOS-0005-S4Q9,TH-BIOS-0005-S4Q9,since,,harness 2026.226
updated,l10,L10 Test,TH-BIOS-0005,BIOS_BOOT_ORDER_QUERY_FAILED,TH-BIOS-0005-S4Q9,TH-BIOS-0005-S4Q9,doc_url,,https://docs.google.com/document/d/1-_YC_cXvi3FtKd51jIetY9pER8JtCxH5dBE9UvndZWU/edit
updated,l10,L10 Test,TH-BIOS-0005,BIOS_BOOT_ORDER_QUERY_FAILED,TH-BIOS-0005-S4Q9,TH-BIOS-0005-S4Q9,registry_status,sheet only,in registry
updated,l10,L10 Test,TH-BIOS-0006,BIOS_BOOT_ORDER_MISMATCH,TH-BIOS-0006-S5Q9,TH-BIOS-0006-S5Q9,category,,5
updated,l10,L10 Test,TH-BIOS-0006,BIOS_BOOT_ORDER_MISMATCH,TH-BIOS-0006-S5Q9,TH-BIOS-0006-S5Q9,component,BIOS,L10.BIOS.BIOS
updated,l10,L10 Test,TH-BIOS-0006,BIOS_BOOT_ORDER_MISMATCH,TH-BIOS-0006-S5Q9,TH-BIOS-0006-S5Q9,disposition,,FAILED
updated,l10,L10 Test,TH-BIOS-0006,BIOS_BOOT_ORDER_MISMATCH,TH-BIOS-0006-S5Q9,TH-BIOS-0006-S5Q9,retryable,,false
updated,l10,L10 Test,TH-BIOS-0006,BIOS_BOOT_ORDER_MISMATCH,TH-BIOS-0006-S5Q9,TH-BIOS-0006-S5Q9,owner,,supercomputing-sw
updated,l10,L10 Test,TH-BIOS-0006,BIOS_BOOT_ORDER_MISMATCH,TH-BIOS-0006-S5Q9,TH-BIOS-0006-S5Q9,since,,harness 2026.226
updated,l10,L10 Test,TH-BIOS-0006,BIOS_BOOT_ORDER_MISMATCH,TH-BIOS-0006-S5Q9,TH-BIOS-0006-S5Q9,doc_url,,https://docs.google.com/document/d/1-_YC_cXvi3FtKd51jIetY9pER8JtCxH5dBE9UvndZWU/edit
updated,l10,L10 Test,TH-BIOS-0006,BIOS_BOOT_ORDER_MISMATCH,TH-BIOS-0006-S5Q9,TH-BIOS-0006-S5Q9,registry_status,sheet only,in registry
updated,l10,L10 Test,TH-BIOS-0007,BIOS_UPDATE_FAILED,TH-BIOS-0007-S4Q9,TH-BIOS-0007-S4Q9,category,,5
updated,l10,L10 Test,TH-BIOS-0007,BIOS_UPDATE_FAILED,TH-BIOS-0007-S4Q9,TH-BIOS-0007-S4Q9,component,BIOS,L10.BIOS.BIOS
updated,l10,L10 Test,TH-BIOS-0007,BIOS_UPDATE_FAILED,TH-BIOS-0007-S4Q9,TH-BIOS-0007-S4Q9,disposition,,FAILED
updated,l10,L10 Test,TH-BIOS-0007,BIOS_UPDATE_FAILED,TH-BIOS-0007-S4Q9,TH-BIOS-0007-S4Q9,retryable,,false
updated,l10,L10 Test,TH-BIOS-0007,BIOS_UPDATE_FAILED,TH-BIOS-0007-S4Q9,TH-BIOS-0007-S4Q9,owner,,supercomputing-sw
updated,l10,L10 Test,TH-BIOS-0007,BIOS_UPDATE_FAILED,TH-BIOS-0007-S4Q9,TH-BIOS-0007-S4Q9,since,,harness 2026.226
updated,l10,L10 Test,TH-BIOS-0007,BIOS_UPDATE_FAILED,TH-BIOS-0007-S4Q9,TH-BIOS-0007-S4Q9,doc_url,,https://docs.google.com/document/d/1-_YC_cXvi3FtKd51jIetY9pER8JtCxH5dBE9UvndZWU/edit
updated,l10,L10 Test,TH-BIOS-0007,BIOS_UPDATE_FAILED,TH-BIOS-0007-S4Q9,TH-BIOS-0007-S4Q9,registry_status,sheet only,in registry
updated,l10,L10 Test,TH-BIOS-0008,BIOS_POST_UPDATE_VERIFY_FAILED,TH-BIOS-0008-S4Q9,TH-BIOS-0008-S4Q9,category,,5
updated,l10,L10 Test,TH-BIOS-0008,BIOS_POST_UPDATE_VERIFY_FAILED,TH-BIOS-0008-S4Q9,TH-BIOS-0008-S4Q9,component,BIOS,L10.BIOS.BIOS
updated,l10,L10 Test,TH-BIOS-0008,BIOS_POST_UPDATE_VERIFY_FAILED,TH-BIOS-0008-S4Q9,TH-BIOS-0008-S4Q9,disposition,,FAILED
updated,l10,L10 Test,TH-BIOS-0008,BIOS_POST_UPDATE_VERIFY_FAILED,TH-BIOS-0008-S4Q9,TH-BIOS-0008-S4Q9,retryable,,false
updated,l10,L10 Test,TH-BIOS-0008,BIOS_POST_UPDATE_VERIFY_FAILED,TH-BIOS-0008-S4Q9,TH-BIOS-0008-S4Q9,owner,,supercomputing-sw
updated,l10,L10 Test,TH-BIOS-0008,BIOS_POST_UPDATE_VERIFY_FAILED,TH-BIOS-0008-S4Q9,TH-BIOS-0008-S4Q9,since,,harness 2026.226
updated,l10,L10 Test,TH-BIOS-0008,BIOS_POST_UPDATE_VERIFY_FAILED,TH-BIOS-0008-S4Q9,TH-BIOS-0008-S4Q9,doc_url,,https://docs.google.com/document/d/1-_YC_cXvi3FtKd51jIetY9pER8JtCxH5dBE9UvndZWU/edit
updated,l10,L10 Test,TH-BIOS-0008,BIOS_POST_UPDATE_VERIFY_FAILED,TH-BIOS-0008-S4Q9,TH-BIOS-0008-S4Q9,registry_status,sheet only,in registry
updated,l10,L10 Test,TH-BMC-0001,BMC_EXPECTED_CONFIG_UNAVAILABLE,TH-BMC-0001-S5Q9,TH-BMC-0001-S5Q9,category,,5
updated,l10,L10 Test,TH-BMC-0001,BMC_EXPECTED_CONFIG_UNAVAILABLE,TH-BMC-0001-S5Q9,TH-BMC-0001-S5Q9,component,BMC,L10.BMC.BMC
updated,l10,L10 Test,TH-BMC-0001,BMC_EXPECTED_CONFIG_UNAVAILABLE,TH-BMC-0001-S5Q9,TH-BMC-0001-S5Q9,test_cases,"BmcCheck, BmcCheckFanLocation, BmcCheckFanControl","BmcCheck, BmcCheckFanLocation, BmcCheckFanControl, BmcRecovery"
updated,l10,L10 Test,TH-BMC-0001,BMC_EXPECTED_CONFIG_UNAVAILABLE,TH-BMC-0001-S5Q9,TH-BMC-0001-S5Q9,disposition,,ERROR
updated,l10,L10 Test,TH-BMC-0001,BMC_EXPECTED_CONFIG_UNAVAILABLE,TH-BMC-0001-S5Q9,TH-BMC-0001-S5Q9,retryable,,false
updated,l10,L10 Test,TH-BMC-0001,BMC_EXPECTED_CONFIG_UNAVAILABLE,TH-BMC-0001-S5Q9,TH-BMC-0001-S5Q9,owner,,supercomputing-sw
updated,l10,L10 Test,TH-BMC-0001,BMC_EXPECTED_CONFIG_UNAVAILABLE,TH-BMC-0001-S5Q9,TH-BMC-0001-S5Q9,since,,harness 2026.226
updated,l10,L10 Test,TH-BMC-0001,BMC_EXPECTED_CONFIG_UNAVAILABLE,TH-BMC-0001-S5Q9,TH-BMC-0001-S5Q9,doc_url,,https://docs.google.com/document/d/1-_YC_cXvi3FtKd51jIetY9pER8JtCxH5dBE9UvndZWU/edit
updated,l10,L10 Test,TH-BMC-0001,BMC_EXPECTED_CONFIG_UNAVAILABLE,TH-BMC-0001-S5Q9,TH-BMC-0001-S5Q9,registry_status,sheet only,in registry
updated,l10,L10 Test,TH-BMC-0002,BMC_INVENTORY_QUERY_FAILED,TH-BMC-0002-S4Q9,TH-BMC-0002-S4Q9,category,,7
updated,l10,L10 Test,TH-BMC-0002,BMC_INVENTORY_QUERY_FAILED,TH-BMC-0002-S4Q9,TH-BMC-0002-S4Q9,component,BMC,L10.BMC.BMC
updated,l10,L10 Test,TH-BMC-0002,BMC_INVENTORY_QUERY_FAILED,TH-BMC-0002-S4Q9,TH-BMC-0002-S4Q9,disposition,,ERROR
updated,l10,L10 Test,TH-BMC-0002,BMC_INVENTORY_QUERY_FAILED,TH-BMC-0002-S4Q9,TH-BMC-0002-S4Q9,retryable,,false
updated,l10,L10 Test,TH-BMC-0002,BMC_INVENTORY_QUERY_FAILED,TH-BMC-0002-S4Q9,TH-BMC-0002-S4Q9,owner,,supercomputing-sw
updated,l10,L10 Test,TH-BMC-0002,BMC_INVENTORY_QUERY_FAILED,TH-BMC-0002-S4Q9,TH-BMC-0002-S4Q9,since,,harness 2026.226
updated,l10,L10 Test,TH-BMC-0002,BMC_INVENTORY_QUERY_FAILED,TH-BMC-0002-S4Q9,TH-BMC-0002-S4Q9,doc_url,,https://docs.google.com/document/d/1-_YC_cXvi3FtKd51jIetY9pER8JtCxH5dBE9UvndZWU/edit
updated,l10,L10 Test,TH-BMC-0002,BMC_INVENTORY_QUERY_FAILED,TH-BMC-0002-S4Q9,TH-BMC-0002-S4Q9,registry_status,sheet only,in registry
updated,l10,L10 Test,TH-BMC-0003,BMC_INVENTORY_OUTPUT_INVALID,TH-BMC-0003-S4Q9,TH-BMC-0003-S4Q9,category,,7
updated,l10,L10 Test,TH-BMC-0003,BMC_INVENTORY_OUTPUT_INVALID,TH-BMC-0003-S4Q9,TH-BMC-0003-S4Q9,component,BMC,L10.BMC.BMC
updated,l10,L10 Test,TH-BMC-0003,BMC_INVENTORY_OUTPUT_INVALID,TH-BMC-0003-S4Q9,TH-BMC-0003-S4Q9,disposition,,ERROR
updated,l10,L10 Test,TH-BMC-0003,BMC_INVENTORY_OUTPUT_INVALID,TH-BMC-0003-S4Q9,TH-BMC-0003-S4Q9,retryable,,false
updated,l10,L10 Test,TH-BMC-0003,BMC_INVENTORY_OUTPUT_INVALID,TH-BMC-0003-S4Q9,TH-BMC-0003-S4Q9,owner,,supercomputing-sw
updated,l10,L10 Test,TH-BMC-0003,BMC_INVENTORY_OUTPUT_INVALID,TH-BMC-0003-S4Q9,TH-BMC-0003-S4Q9,since,,harness 2026.226
updated,l10,L10 Test,TH-BMC-0003,BMC_INVENTORY_OUTPUT_INVALID,TH-BMC-0003-S4Q9,TH-BMC-0003-S4Q9,doc_url,,https://docs.google.com/document/d/1-_YC_cXvi3FtKd51jIetY9pER8JtCxH5dBE9UvndZWU/edit
updated,l10,L10 Test,TH-BMC-0003,BMC_INVENTORY_OUTPUT_INVALID,TH-BMC-0003-S4Q9,TH-BMC-0003-S4Q9,registry_status,sheet only,in registry
updated,l10,L10 Test,TH-BMC-0004,BMC_IDENTITY_MISMATCH,TH-BMC-0004-S2Q9,TH-BMC-0004-S2Q9,category,,11
updated,l10,L10 Test,TH-BMC-0004,BMC_IDENTITY_MISMATCH,TH-BMC-0004-S2Q9,TH-BMC-0004-S2Q9,component,BMC,L10.BMC.BMC
updated,l10,L10 Test,TH-BMC-0004,BMC_IDENTITY_MISMATCH,TH-BMC-0004-S2Q9,TH-BMC-0004-S2Q9,disposition,,FAILED
updated,l10,L10 Test,TH-BMC-0004,BMC_IDENTITY_MISMATCH,TH-BMC-0004-S2Q9,TH-BMC-0004-S2Q9,retryable,,false
updated,l10,L10 Test,TH-BMC-0004,BMC_IDENTITY_MISMATCH,TH-BMC-0004-S2Q9,TH-BMC-0004-S2Q9,owner,,supercomputing-sw
updated,l10,L10 Test,TH-BMC-0004,BMC_IDENTITY_MISMATCH,TH-BMC-0004-S2Q9,TH-BMC-0004-S2Q9,since,,harness 2026.226
updated,l10,L10 Test,TH-BMC-0004,BMC_IDENTITY_MISMATCH,TH-BMC-0004-S2Q9,TH-BMC-0004-S2Q9,doc_url,,https://docs.google.com/document/d/1-_YC_cXvi3FtKd51jIetY9pER8JtCxH5dBE9UvndZWU/edit
updated,l10,L10 Test,TH-BMC-0004,BMC_IDENTITY_MISMATCH,TH-BMC-0004-S2Q9,TH-BMC-0004-S2Q9,registry_status,sheet only,in registry
updated,l10,L10 Test,TH-BMC-0005,BMC_MANAGEMENT_ADDRESS_MISMATCH,TH-BMC-0005-S2Q9,TH-BMC-0005-S2Q9,category,,11
updated,l10,L10 Test,TH-BMC-0005,BMC_MANAGEMENT_ADDRESS_MISMATCH,TH-BMC-0005-S2Q9,TH-BMC-0005-S2Q9,component,BMC,L10.BMC.BMC
updated,l10,L10 Test,TH-BMC-0005,BMC_MANAGEMENT_ADDRESS_MISMATCH,TH-BMC-0005-S2Q9,TH-BMC-0005-S2Q9,disposition,,FAILED
updated,l10,L10 Test,TH-BMC-0005,BMC_MANAGEMENT_ADDRESS_MISMATCH,TH-BMC-0005-S2Q9,TH-BMC-0005-S2Q9,retryable,,false
updated,l10,L10 Test,TH-BMC-0005,BMC_MANAGEMENT_ADDRESS_MISMATCH,TH-BMC-0005-S2Q9,TH-BMC-0005-S2Q9,owner,,supercomputing-sw
updated,l10,L10 Test,TH-BMC-0005,BMC_MANAGEMENT_ADDRESS_MISMATCH,TH-BMC-0005-S2Q9,TH-BMC-0005-S2Q9,since,,harness 2026.226
updated,l10,L10 Test,TH-BMC-0005,BMC_MANAGEMENT_ADDRESS_MISMATCH,TH-BMC-0005-S2Q9,TH-BMC-0005-S2Q9,doc_url,,https://docs.google.com/document/d/1-_YC_cXvi3FtKd51jIetY9pER8JtCxH5dBE9UvndZWU/edit
updated,l10,L10 Test,TH-BMC-0005,BMC_MANAGEMENT_ADDRESS_MISMATCH,TH-BMC-0005-S2Q9,TH-BMC-0005-S2Q9,registry_status,sheet only,in registry
updated,l10,L10 Test,TH-BMC-0006,BMC_FIRMWARE_VERSION_MISMATCH,TH-BMC-0006-S5Q9,TH-BMC-0006-S5Q9,category,,5
updated,l10,L10 Test,TH-BMC-0006,BMC_FIRMWARE_VERSION_MISMATCH,TH-BMC-0006-S5Q9,TH-BMC-0006-S5Q9,component,BMC,L10.BMC.BMC
updated,l10,L10 Test,TH-BMC-0006,BMC_FIRMWARE_VERSION_MISMATCH,TH-BMC-0006-S5Q9,TH-BMC-0006-S5Q9,disposition,,FAILED
updated,l10,L10 Test,TH-BMC-0006,BMC_FIRMWARE_VERSION_MISMATCH,TH-BMC-0006-S5Q9,TH-BMC-0006-S5Q9,retryable,,false
updated,l10,L10 Test,TH-BMC-0006,BMC_FIRMWARE_VERSION_MISMATCH,TH-BMC-0006-S5Q9,TH-BMC-0006-S5Q9,owner,,supercomputing-sw
updated,l10,L10 Test,TH-BMC-0006,BMC_FIRMWARE_VERSION_MISMATCH,TH-BMC-0006-S5Q9,TH-BMC-0006-S5Q9,since,,harness 2026.226
updated,l10,L10 Test,TH-BMC-0006,BMC_FIRMWARE_VERSION_MISMATCH,TH-BMC-0006-S5Q9,TH-BMC-0006-S5Q9,doc_url,,https://docs.google.com/document/d/1-_YC_cXvi3FtKd51jIetY9pER8JtCxH5dBE9UvndZWU/edit
updated,l10,L10 Test,TH-BMC-0006,BMC_FIRMWARE_VERSION_MISMATCH,TH-BMC-0006-S5Q9,TH-BMC-0006-S5Q9,registry_status,sheet only,in registry
updated,l10,L10 Test,TH-BMC-0007,BMC_FAN_LOCATION_PROGRAM_FAILED,TH-BMC-0007-S4Q9,TH-BMC-0007-S4Q9,category,,7
updated,l10,L10 Test,TH-BMC-0007,BMC_FAN_LOCATION_PROGRAM_FAILED,TH-BMC-0007-S4Q9,TH-BMC-0007-S4Q9,component,BMC,L10.BMC.BMC
updated,l10,L10 Test,TH-BMC-0007,BMC_FAN_LOCATION_PROGRAM_FAILED,TH-BMC-0007-S4Q9,TH-BMC-0007-S4Q9,disposition,,FAILED
updated,l10,L10 Test,TH-BMC-0007,BMC_FAN_LOCATION_PROGRAM_FAILED,TH-BMC-0007-S4Q9,TH-BMC-0007-S4Q9,retryable,,false
updated,l10,L10 Test,TH-BMC-0007,BMC_FAN_LOCATION_PROGRAM_FAILED,TH-BMC-0007-S4Q9,TH-BMC-0007-S4Q9,owner,,supercomputing-sw
updated,l10,L10 Test,TH-BMC-0007,BMC_FAN_LOCATION_PROGRAM_FAILED,TH-BMC-0007-S4Q9,TH-BMC-0007-S4Q9,since,,harness 2026.226
updated,l10,L10 Test,TH-BMC-0007,BMC_FAN_LOCATION_PROGRAM_FAILED,TH-BMC-0007-S4Q9,TH-BMC-0007-S4Q9,doc_url,,https://docs.google.com/document/d/1-_YC_cXvi3FtKd51jIetY9pER8JtCxH5dBE9UvndZWU/edit
updated,l10,L10 Test,TH-BMC-0007,BMC_FAN_LOCATION_PROGRAM_FAILED,TH-BMC-0007-S4Q9,TH-BMC-0007-S4Q9,registry_status,sheet only,in registry
updated,l10,L10 Test,TH-BMC-0008,BMC_FAN_LOCATION_READBACK_FAILED,TH-BMC-0008-S4Q9,TH-BMC-0008-S4Q9,category,,7
updated,l10,L10 Test,TH-BMC-0008,BMC_FAN_LOCATION_READBACK_FAILED,TH-BMC-0008-S4Q9,TH-BMC-0008-S4Q9,component,BMC,L10.BMC.BMC
updated,l10,L10 Test,TH-BMC-0008,BMC_FAN_LOCATION_READBACK_FAILED,TH-BMC-0008-S4Q9,TH-BMC-0008-S4Q9,disposition,,ERROR
updated,l10,L10 Test,TH-BMC-0008,BMC_FAN_LOCATION_READBACK_FAILED,TH-BMC-0008-S4Q9,TH-BMC-0008-S4Q9,retryable,,false
updated,l10,L10 Test,TH-BMC-0008,BMC_FAN_LOCATION_READBACK_FAILED,TH-BMC-0008-S4Q9,TH-BMC-0008-S4Q9,owner,,supercomputing-sw
updated,l10,L10 Test,TH-BMC-0008,BMC_FAN_LOCATION_READBACK_FAILED,TH-BMC-0008-S4Q9,TH-BMC-0008-S4Q9,since,,harness 2026.226
updated,l10,L10 Test,TH-BMC-0008,BMC_FAN_LOCATION_READBACK_FAILED,TH-BMC-0008-S4Q9,TH-BMC-0008-S4Q9,doc_url,,https://docs.google.com/document/d/1-_YC_cXvi3FtKd51jIetY9pER8JtCxH5dBE9UvndZWU/edit
updated,l10,L10 Test,TH-BMC-0008,BMC_FAN_LOCATION_READBACK_FAILED,TH-BMC-0008-S4Q9,TH-BMC-0008-S4Q9,registry_status,sheet only,in registry
updated,l10,L10 Test,TH-BMC-0009,BMC_FAN_CONFIG_UNAVAILABLE,TH-BMC-0009-S5Q9,TH-BMC-0009-S5Q9,category,,5
updated,l10,L10 Test,TH-BMC-0009,BMC_FAN_CONFIG_UNAVAILABLE,TH-BMC-0009-S5Q9,TH-BMC-0009-S5Q9,component,BMC,L10.BMC.BMC
updated,l10,L10 Test,TH-BMC-0009,BMC_FAN_CONFIG_UNAVAILABLE,TH-BMC-0009-S5Q9,TH-BMC-0009-S5Q9,disposition,,ERROR
updated,l10,L10 Test,TH-BMC-0009,BMC_FAN_CONFIG_UNAVAILABLE,TH-BMC-0009-S5Q9,TH-BMC-0009-S5Q9,retryable,,false
updated,l10,L10 Test,TH-BMC-0009,BMC_FAN_CONFIG_UNAVAILABLE,TH-BMC-0009-S5Q9,TH-BMC-0009-S5Q9,owner,,supercomputing-sw
updated,l10,L10 Test,TH-BMC-0009,BMC_FAN_CONFIG_UNAVAILABLE,TH-BMC-0009-S5Q9,TH-BMC-0009-S5Q9,since,,harness 2026.226
updated,l10,L10 Test,TH-BMC-0009,BMC_FAN_CONFIG_UNAVAILABLE,TH-BMC-0009-S5Q9,TH-BMC-0009-S5Q9,doc_url,,https://docs.google.com/document/d/1-_YC_cXvi3FtKd51jIetY9pER8JtCxH5dBE9UvndZWU/edit
updated,l10,L10 Test,TH-BMC-0009,BMC_FAN_CONFIG_UNAVAILABLE,TH-BMC-0009-S5Q9,TH-BMC-0009-S5Q9,registry_status,sheet only,in registry
updated,l10,L10 Test,TH-BMC-0010,BMC_SENSOR_QUERY_FAILED,TH-BMC-0010-S4Q9,TH-BMC-0010-S4Q9,category,,7
updated,l10,L10 Test,TH-BMC-0010,BMC_SENSOR_QUERY_FAILED,TH-BMC-0010-S4Q9,TH-BMC-0010-S4Q9,component,BMC,L10.BMC.BMC
updated,l10,L10 Test,TH-BMC-0010,BMC_SENSOR_QUERY_FAILED,TH-BMC-0010-S4Q9,TH-BMC-0010-S4Q9,disposition,,ERROR
updated,l10,L10 Test,TH-BMC-0010,BMC_SENSOR_QUERY_FAILED,TH-BMC-0010-S4Q9,TH-BMC-0010-S4Q9,retryable,,false
updated,l10,L10 Test,TH-BMC-0010,BMC_SENSOR_QUERY_FAILED,TH-BMC-0010-S4Q9,TH-BMC-0010-S4Q9,owner,,supercomputing-sw
updated,l10,L10 Test,TH-BMC-0010,BMC_SENSOR_QUERY_FAILED,TH-BMC-0010-S4Q9,TH-BMC-0010-S4Q9,since,,harness 2026.226
updated,l10,L10 Test,TH-BMC-0010,BMC_SENSOR_QUERY_FAILED,TH-BMC-0010-S4Q9,TH-BMC-0010-S4Q9,doc_url,,https://docs.google.com/document/d/1-_YC_cXvi3FtKd51jIetY9pER8JtCxH5dBE9UvndZWU/edit
updated,l10,L10 Test,TH-BMC-0010,BMC_SENSOR_QUERY_FAILED,TH-BMC-0010-S4Q9,TH-BMC-0010-S4Q9,registry_status,sheet only,in registry
updated,l10,L10 Test,TH-BMC-0011,BMC_CONNECTIVITY_FAILED,TH-BMC-0011-S4Q6,TH-BMC-0011-S4Q6,category,,1
updated,l10,L10 Test,TH-BMC-0011,BMC_CONNECTIVITY_FAILED,TH-BMC-0011-S4Q6,TH-BMC-0011-S4Q6,component,BMC,L10.BMC.BMC
updated,l10,L10 Test,TH-BMC-0011,BMC_CONNECTIVITY_FAILED,TH-BMC-0011-S4Q6,TH-BMC-0011-S4Q6,test_cases,BmcConnectivityCheck,"BmcConnectivityCheck, BmcRecovery"
updated,l10,L10 Test,TH-BMC-0011,BMC_CONNECTIVITY_FAILED,TH-BMC-0011-S4Q6,TH-BMC-0011-S4Q6,disposition,,FAILED
updated,l10,L10 Test,TH-BMC-0011,BMC_CONNECTIVITY_FAILED,TH-BMC-0011-S4Q6,TH-BMC-0011-S4Q6,retryable,,true
updated,l10,L10 Test,TH-BMC-0011,BMC_CONNECTIVITY_FAILED,TH-BMC-0011-S4Q6,TH-BMC-0011-S4Q6,owner,,supercomputing-sw
updated,l10,L10 Test,TH-BMC-0011,BMC_CONNECTIVITY_FAILED,TH-BMC-0011-S4Q6,TH-BMC-0011-S4Q6,since,,harness 2026.226
updated,l10,L10 Test,TH-BMC-0011,BMC_CONNECTIVITY_FAILED,TH-BMC-0011-S4Q6,TH-BMC-0011-S4Q6,doc_url,,https://docs.google.com/document/d/1-_YC_cXvi3FtKd51jIetY9pER8JtCxH5dBE9UvndZWU/edit
updated,l10,L10 Test,TH-BMC-0011,BMC_CONNECTIVITY_FAILED,TH-BMC-0011-S4Q6,TH-BMC-0011-S4Q6,registry_status,sheet only,in registry
updated,l10,L10 Test,TH-BMC-0012,BMC_SSH_UNAVAILABLE,TH-BMC-0012-S4Q9,TH-BMC-0012-S4Q9,category,,1
updated,l10,L10 Test,TH-BMC-0012,BMC_SSH_UNAVAILABLE,TH-BMC-0012-S4Q9,TH-BMC-0012-S4Q9,component,BMC,L10.BMC.BMC
updated,l10,L10 Test,TH-BMC-0012,BMC_SSH_UNAVAILABLE,TH-BMC-0012-S4Q9,TH-BMC-0012-S4Q9,disposition,,ERROR
updated,l10,L10 Test,TH-BMC-0012,BMC_SSH_UNAVAILABLE,TH-BMC-0012-S4Q9,TH-BMC-0012-S4Q9,retryable,,false
updated,l10,L10 Test,TH-BMC-0012,BMC_SSH_UNAVAILABLE,TH-BMC-0012-S4Q9,TH-BMC-0012-S4Q9,owner,,supercomputing-sw
updated,l10,L10 Test,TH-BMC-0012,BMC_SSH_UNAVAILABLE,TH-BMC-0012-S4Q9,TH-BMC-0012-S4Q9,since,,harness 2026.226
updated,l10,L10 Test,TH-BMC-0012,BMC_SSH_UNAVAILABLE,TH-BMC-0012-S4Q9,TH-BMC-0012-S4Q9,doc_url,,https://docs.google.com/document/d/1-_YC_cXvi3FtKd51jIetY9pER8JtCxH5dBE9UvndZWU/edit
updated,l10,L10 Test,TH-BMC-0012,BMC_SSH_UNAVAILABLE,TH-BMC-0012-S4Q9,TH-BMC-0012-S4Q9,registry_status,sheet only,in registry
updated,l10,L10 Test,TH-BMC-0013,BMC_UPDATE_IMAGE_STAGING_FAILED,TH-BMC-0013-S4Q9,TH-BMC-0013-S4Q9,category,,7
updated,l10,L10 Test,TH-BMC-0013,BMC_UPDATE_IMAGE_STAGING_FAILED,TH-BMC-0013-S4Q9,TH-BMC-0013-S4Q9,component,BMC,L10.BMC.BMC
updated,l10,L10 Test,TH-BMC-0013,BMC_UPDATE_IMAGE_STAGING_FAILED,TH-BMC-0013-S4Q9,TH-BMC-0013-S4Q9,disposition,,ERROR
updated,l10,L10 Test,TH-BMC-0013,BMC_UPDATE_IMAGE_STAGING_FAILED,TH-BMC-0013-S4Q9,TH-BMC-0013-S4Q9,retryable,,false
updated,l10,L10 Test,TH-BMC-0013,BMC_UPDATE_IMAGE_STAGING_FAILED,TH-BMC-0013-S4Q9,TH-BMC-0013-S4Q9,owner,,supercomputing-sw
updated,l10,L10 Test,TH-BMC-0013,BMC_UPDATE_IMAGE_STAGING_FAILED,TH-BMC-0013-S4Q9,TH-BMC-0013-S4Q9,since,,harness 2026.226
updated,l10,L10 Test,TH-BMC-0013,BMC_UPDATE_IMAGE_STAGING_FAILED,TH-BMC-0013-S4Q9,TH-BMC-0013-S4Q9,doc_url,,https://docs.google.com/document/d/1-_YC_cXvi3FtKd51jIetY9pER8JtCxH5dBE9UvndZWU/edit
updated,l10,L10 Test,TH-BMC-0013,BMC_UPDATE_IMAGE_STAGING_FAILED,TH-BMC-0013-S4Q9,TH-BMC-0013-S4Q9,registry_status,sheet only,in registry
updated,l10,L10 Test,TH-BMC-0014,BMC_FIRMWARE_UPDATE_COMMAND_FAILED,TH-BMC-0014-S4Q9,TH-BMC-0014-S4Q9,category,,5
updated,l10,L10 Test,TH-BMC-0014,BMC_FIRMWARE_UPDATE_COMMAND_FAILED,TH-BMC-0014-S4Q9,TH-BMC-0014-S4Q9,component,BMC,L10.BMC.BMC
updated,l10,L10 Test,TH-BMC-0014,BMC_FIRMWARE_UPDATE_COMMAND_FAILED,TH-BMC-0014-S4Q9,TH-BMC-0014-S4Q9,disposition,,FAILED
updated,l10,L10 Test,TH-BMC-0014,BMC_FIRMWARE_UPDATE_COMMAND_FAILED,TH-BMC-0014-S4Q9,TH-BMC-0014-S4Q9,retryable,,false
updated,l10,L10 Test,TH-BMC-0014,BMC_FIRMWARE_UPDATE_COMMAND_FAILED,TH-BMC-0014-S4Q9,TH-BMC-0014-S4Q9,owner,,supercomputing-sw
updated,l10,L10 Test,TH-BMC-0014,BMC_FIRMWARE_UPDATE_COMMAND_FAILED,TH-BMC-0014-S4Q9,TH-BMC-0014-S4Q9,since,,harness 2026.226
updated,l10,L10 Test,TH-BMC-0014,BMC_FIRMWARE_UPDATE_COMMAND_FAILED,TH-BMC-0014-S4Q9,TH-BMC-0014-S4Q9,doc_url,,https://docs.google.com/document/d/1-_YC_cXvi3FtKd51jIetY9pER8JtCxH5dBE9UvndZWU/edit
updated,l10,L10 Test,TH-BMC-0014,BMC_FIRMWARE_UPDATE_COMMAND_FAILED,TH-BMC-0014-S4Q9,TH-BMC-0014-S4Q9,registry_status,sheet only,in registry
updated,l10,L10 Test,TH-BMC-0015,BMC_POST_UPDATE_VERIFY_FAILED,TH-BMC-0015-S4Q9,TH-BMC-0015-S4Q9,category,,5
updated,l10,L10 Test,TH-BMC-0015,BMC_POST_UPDATE_VERIFY_FAILED,TH-BMC-0015-S4Q9,TH-BMC-0015-S4Q9,component,BMC,L10.BMC.BMC
updated,l10,L10 Test,TH-BMC-0015,BMC_POST_UPDATE_VERIFY_FAILED,TH-BMC-0015-S4Q9,TH-BMC-0015-S4Q9,disposition,,FAILED
updated,l10,L10 Test,TH-BMC-0015,BMC_POST_UPDATE_VERIFY_FAILED,TH-BMC-0015-S4Q9,TH-BMC-0015-S4Q9,retryable,,false
updated,l10,L10 Test,TH-BMC-0015,BMC_POST_UPDATE_VERIFY_FAILED,TH-BMC-0015-S4Q9,TH-BMC-0015-S4Q9,owner,,supercomputing-sw
updated,l10,L10 Test,TH-BMC-0015,BMC_POST_UPDATE_VERIFY_FAILED,TH-BMC-0015-S4Q9,TH-BMC-0015-S4Q9,since,,harness 2026.226
updated,l10,L10 Test,TH-BMC-0015,BMC_POST_UPDATE_VERIFY_FAILED,TH-BMC-0015-S4Q9,TH-BMC-0015-S4Q9,doc_url,,https://docs.google.com/document/d/1-_YC_cXvi3FtKd51jIetY9pER8JtCxH5dBE9UvndZWU/edit
updated,l10,L10 Test,TH-BMC-0015,BMC_POST_UPDATE_VERIFY_FAILED,TH-BMC-0015-S4Q9,TH-BMC-0015-S4Q9,registry_status,sheet only,in registry
updated,l10,L10 Test,TH-BMC-0016,BMC_POWER_CYCLE_INTERVAL_SET_FAILED,TH-BMC-0016-S4Q9,TH-BMC-0016-S4Q9,category,,5
updated,l10,L10 Test,TH-BMC-0016,BMC_POWER_CYCLE_INTERVAL_SET_FAILED,TH-BMC-0016-S4Q9,TH-BMC-0016-S4Q9,component,BMC,L10.BMC.BMC
updated,l10,L10 Test,TH-BMC-0016,BMC_POWER_CYCLE_INTERVAL_SET_FAILED,TH-BMC-0016-S4Q9,TH-BMC-0016-S4Q9,disposition,,ERROR
updated,l10,L10 Test,TH-BMC-0016,BMC_POWER_CYCLE_INTERVAL_SET_FAILED,TH-BMC-0016-S4Q9,TH-BMC-0016-S4Q9,retryable,,false
updated,l10,L10 Test,TH-BMC-0016,BMC_POWER_CYCLE_INTERVAL_SET_FAILED,TH-BMC-0016-S4Q9,TH-BMC-0016-S4Q9,owner,,supercomputing-sw
updated,l10,L10 Test,TH-BMC-0016,BMC_POWER_CYCLE_INTERVAL_SET_FAILED,TH-BMC-0016-S4Q9,TH-BMC-0016-S4Q9,since,,harness 2026.226
updated,l10,L10 Test,TH-BMC-0016,BMC_POWER_CYCLE_INTERVAL_SET_FAILED,TH-BMC-0016-S4Q9,TH-BMC-0016-S4Q9,doc_url,,https://docs.google.com/document/d/1-_YC_cXvi3FtKd51jIetY9pER8JtCxH5dBE9UvndZWU/edit
updated,l10,L10 Test,TH-BMC-0016,BMC_POWER_CYCLE_INTERVAL_SET_FAILED,TH-BMC-0016-S4Q9,TH-BMC-0016-S4Q9,registry_status,sheet only,in registry
updated,l10,L10 Test,TH-BMC-0017,BMC_SYSTEM_EVENT_LOG_QUERY_FAILED,TH-BMC-0017-S4Q9,TH-BMC-0017-S4Q9,category,,7
updated,l10,L10 Test,TH-BMC-0017,BMC_SYSTEM_EVENT_LOG_QUERY_FAILED,TH-BMC-0017-S4Q9,TH-BMC-0017-S4Q9,component,BMC,L10.BMC.BMC
updated,l10,L10 Test,TH-BMC-0017,BMC_SYSTEM_EVENT_LOG_QUERY_FAILED,TH-BMC-0017-S4Q9,TH-BMC-0017-S4Q9,disposition,,ERROR
updated,l10,L10 Test,TH-BMC-0017,BMC_SYSTEM_EVENT_LOG_QUERY_FAILED,TH-BMC-0017-S4Q9,TH-BMC-0017-S4Q9,retryable,,false
updated,l10,L10 Test,TH-BMC-0017,BMC_SYSTEM_EVENT_LOG_QUERY_FAILED,TH-BMC-0017-S4Q9,TH-BMC-0017-S4Q9,owner,,supercomputing-sw
updated,l10,L10 Test,TH-BMC-0017,BMC_SYSTEM_EVENT_LOG_QUERY_FAILED,TH-BMC-0017-S4Q9,TH-BMC-0017-S4Q9,since,,harness 2026.226
updated,l10,L10 Test,TH-BMC-0017,BMC_SYSTEM_EVENT_LOG_QUERY_FAILED,TH-BMC-0017-S4Q9,TH-BMC-0017-S4Q9,doc_url,,https://docs.google.com/document/d/1-_YC_cXvi3FtKd51jIetY9pER8JtCxH5dBE9UvndZWU/edit
updated,l10,L10 Test,TH-BMC-0017,BMC_SYSTEM_EVENT_LOG_QUERY_FAILED,TH-BMC-0017-S4Q9,TH-BMC-0017-S4Q9,registry_status,sheet only,in registry
updated,l10,L10 Test,TH-BMC-0018,BMC_CRITICAL_EVENT_DETECTED,TH-BMC-0018-S4Q9,TH-BMC-0018-S4Q9,category,,6
updated,l10,L10 Test,TH-BMC-0018,BMC_CRITICAL_EVENT_DETECTED,TH-BMC-0018-S4Q9,TH-BMC-0018-S4Q9,component,BMC,L10.BMC.BMC
updated,l10,L10 Test,TH-BMC-0018,BMC_CRITICAL_EVENT_DETECTED,TH-BMC-0018-S4Q9,TH-BMC-0018-S4Q9,disposition,,FAILED
updated,l10,L10 Test,TH-BMC-0018,BMC_CRITICAL_EVENT_DETECTED,TH-BMC-0018-S4Q9,TH-BMC-0018-S4Q9,retryable,,false
updated,l10,L10 Test,TH-BMC-0018,BMC_CRITICAL_EVENT_DETECTED,TH-BMC-0018-S4Q9,TH-BMC-0018-S4Q9,owner,,supercomputing-sw
updated,l10,L10 Test,TH-BMC-0018,BMC_CRITICAL_EVENT_DETECTED,TH-BMC-0018-S4Q9,TH-BMC-0018-S4Q9,since,,harness 2026.226
updated,l10,L10 Test,TH-BMC-0018,BMC_CRITICAL_EVENT_DETECTED,TH-BMC-0018-S4Q9,TH-BMC-0018-S4Q9,doc_url,,https://docs.google.com/document/d/1-_YC_cXvi3FtKd51jIetY9pER8JtCxH5dBE9UvndZWU/edit
updated,l10,L10 Test,TH-BMC-0018,BMC_CRITICAL_EVENT_DETECTED,TH-BMC-0018-S4Q9,TH-BMC-0018-S4Q9,registry_status,sheet only,in registry
updated,l10,L10 Test,TH-BMC-0019,BMC_RAW_COMMAND_FAILED,TH-BMC-0019-S4Q9,TH-BMC-0019-S4Q9,category,,7
updated,l10,L10 Test,TH-BMC-0019,BMC_RAW_COMMAND_FAILED,TH-BMC-0019-S4Q9,TH-BMC-0019-S4Q9,component,BMC,L10.BMC.BMC
updated,l10,L10 Test,TH-BMC-0019,BMC_RAW_COMMAND_FAILED,TH-BMC-0019-S4Q9,TH-BMC-0019-S4Q9,disposition,,ERROR
updated,l10,L10 Test,TH-BMC-0019,BMC_RAW_COMMAND_FAILED,TH-BMC-0019-S4Q9,TH-BMC-0019-S4Q9,retryable,,false
updated,l10,L10 Test,TH-BMC-0019,BMC_RAW_COMMAND_FAILED,TH-BMC-0019-S4Q9,TH-BMC-0019-S4Q9,owner,,supercomputing-sw
updated,l10,L10 Test,TH-BMC-0019,BMC_RAW_COMMAND_FAILED,TH-BMC-0019-S4Q9,TH-BMC-0019-S4Q9,since,,harness 2026.226
updated,l10,L10 Test,TH-BMC-0019,BMC_RAW_COMMAND_FAILED,TH-BMC-0019-S4Q9,TH-BMC-0019-S4Q9,doc_url,,https://docs.google.com/document/d/1-_YC_cXvi3FtKd51jIetY9pER8JtCxH5dBE9UvndZWU/edit
updated,l10,L10 Test,TH-BMC-0019,BMC_RAW_COMMAND_FAILED,TH-BMC-0019-S4Q9,TH-BMC-0019-S4Q9,registry_status,sheet only,in registry
updated,l10,L10 Test,TH-BMC-0020,BMC_UPDATE_MODEL_CONFIG_UNAVAILABLE,TH-BMC-0020-S5Q9,TH-BMC-0020-S5Q9,category,,5
updated,l10,L10 Test,TH-BMC-0020,BMC_UPDATE_MODEL_CONFIG_UNAVAILABLE,TH-BMC-0020-S5Q9,TH-BMC-0020-S5Q9,component,BMC,L10.BMC.BMC
updated,l10,L10 Test,TH-BMC-0020,BMC_UPDATE_MODEL_CONFIG_UNAVAILABLE,TH-BMC-0020-S5Q9,TH-BMC-0020-S5Q9,disposition,,ERROR
updated,l10,L10 Test,TH-BMC-0020,BMC_UPDATE_MODEL_CONFIG_UNAVAILABLE,TH-BMC-0020-S5Q9,TH-BMC-0020-S5Q9,retryable,,false
updated,l10,L10 Test,TH-BMC-0020,BMC_UPDATE_MODEL_CONFIG_UNAVAILABLE,TH-BMC-0020-S5Q9,TH-BMC-0020-S5Q9,owner,,supercomputing-sw
updated,l10,L10 Test,TH-BMC-0020,BMC_UPDATE_MODEL_CONFIG_UNAVAILABLE,TH-BMC-0020-S5Q9,TH-BMC-0020-S5Q9,since,,harness 2026.226
updated,l10,L10 Test,TH-BMC-0020,BMC_UPDATE_MODEL_CONFIG_UNAVAILABLE,TH-BMC-0020-S5Q9,TH-BMC-0020-S5Q9,doc_url,,https://docs.google.com/document/d/1-_YC_cXvi3FtKd51jIetY9pER8JtCxH5dBE9UvndZWU/edit
updated,l10,L10 Test,TH-BMC-0020,BMC_UPDATE_MODEL_CONFIG_UNAVAILABLE,TH-BMC-0020-S5Q9,TH-BMC-0020-S5Q9,registry_status,sheet only,in registry
updated,l10,L10 Test,TH-C2C-0001,C2C_LINKUP_FAILED,TH-C2C-0001-S2Q9,TH-C2C-0001-S2Q9,component,C2C,L10.C2C.SOHU_SERDES
updated,l10,L10 Test,TH-C2C-0001,C2C_LINKUP_FAILED,TH-C2C-0001-S2Q9,TH-C2C-0001-S2Q9,since,harness 2026.216,harness 2026.226
updated,l10,L10 Test,TH-C2C-0001,C2C_LINKUP_FAILED,TH-C2C-0001-S2Q9,TH-C2C-0001-S2Q9,doc_url,https://github.com/etched-ai/sw/blob/master/host/system_test/error_codes/doc/C2cLinkupTestCase.md#TH-C2C-0001,https://docs.google.com/document/d/1-_YC_cXvi3FtKd51jIetY9pER8JtCxH5dBE9UvndZWU/edit
updated,l10,L10 Test,TH-C2C-0004,C2C_LANE_MARGIN_BELOW_THRESHOLD,TH-C2C-0004-S4Q9,TH-C2C-0004-S4Q9,component,C2C,L10.C2C.SOHU_SERDES
updated,l10,L10 Test,TH-C2C-0004,C2C_LANE_MARGIN_BELOW_THRESHOLD,TH-C2C-0004-S4Q9,TH-C2C-0004-S4Q9,since,harness 2026.216,harness 2026.226
updated,l10,L10 Test,TH-C2C-0004,C2C_LANE_MARGIN_BELOW_THRESHOLD,TH-C2C-0004-S4Q9,TH-C2C-0004-S4Q9,doc_url,https://github.com/etched-ai/sw/blob/master/host/system_test/error_codes/doc/C2cLaneMarginTestCase.md#TH-C2C-0004,https://docs.google.com/document/d/1-_YC_cXvi3FtKd51jIetY9pER8JtCxH5dBE9UvndZWU/edit
updated,l10,L10 Test,TH-C2C-0005,C2C_PRBS_ERROR_THRESHOLD_EXCEEDED,TH-C2C-0005-S2Q9,TH-C2C-0005-S2Q9,component,C2C,L10.C2C.SOHU_SERDES
updated,l10,L10 Test,TH-C2C-0005,C2C_PRBS_ERROR_THRESHOLD_EXCEEDED,TH-C2C-0005-S2Q9,TH-C2C-0005-S2Q9,since,harness 2026.216,harness 2026.226
updated,l10,L10 Test,TH-C2C-0005,C2C_PRBS_ERROR_THRESHOLD_EXCEEDED,TH-C2C-0005-S2Q9,TH-C2C-0005-S2Q9,doc_url,,https://docs.google.com/document/d/1-_YC_cXvi3FtKd51jIetY9pER8JtCxH5dBE9UvndZWU/edit
updated,l10,L10 Test,TH-C2C-0006,C2C_SWEEP_OUTPUT_INVALID,TH-C2C-0006-S4Q9,TH-C2C-0006-S4Q9,category,,7
updated,l10,L10 Test,TH-C2C-0006,C2C_SWEEP_OUTPUT_INVALID,TH-C2C-0006-S4Q9,TH-C2C-0006-S4Q9,component,C2C,L10.C2C.SOHU_SERDES
updated,l10,L10 Test,TH-C2C-0006,C2C_SWEEP_OUTPUT_INVALID,TH-C2C-0006-S4Q9,TH-C2C-0006-S4Q9,disposition,,ERROR
updated,l10,L10 Test,TH-C2C-0006,C2C_SWEEP_OUTPUT_INVALID,TH-C2C-0006-S4Q9,TH-C2C-0006-S4Q9,retryable,,false
updated,l10,L10 Test,TH-C2C-0006,C2C_SWEEP_OUTPUT_INVALID,TH-C2C-0006-S4Q9,TH-C2C-0006-S4Q9,owner,,supercomputing-sw
updated,l10,L10 Test,TH-C2C-0006,C2C_SWEEP_OUTPUT_INVALID,TH-C2C-0006-S4Q9,TH-C2C-0006-S4Q9,since,,harness 2026.226
updated,l10,L10 Test,TH-C2C-0006,C2C_SWEEP_OUTPUT_INVALID,TH-C2C-0006-S4Q9,TH-C2C-0006-S4Q9,doc_url,,https://docs.google.com/document/d/1-_YC_cXvi3FtKd51jIetY9pER8JtCxH5dBE9UvndZWU/edit
updated,l10,L10 Test,TH-C2C-0006,C2C_SWEEP_OUTPUT_INVALID,TH-C2C-0006-S4Q9,TH-C2C-0006-S4Q9,registry_status,sheet only,in registry
updated,l10,L10 Test,TH-CPU-0001,CPU_STRESS_FAIL,TH-CPU-0001-S2Q6,TH-CPU-0001-S2Q6,component,CPU,L10.CPU.HOST_CPU
updated,l10,L10 Test,TH-CPU-0001,CPU_STRESS_FAIL,TH-CPU-0001-S2Q6,TH-CPU-0001-S2Q6,since,harness 2026.212,harness 2026.226
updated,l10,L10 Test,TH-CPU-0001,CPU_STRESS_FAIL,TH-CPU-0001-S2Q6,TH-CPU-0001-S2Q6,doc_url,https://github.com/etched-ai/sw/blob/master/host/system_test/error_codes/doc/CpuStress.md#TH-CPU-0001,https://docs.google.com/document/d/1-_YC_cXvi3FtKd51jIetY9pER8JtCxH5dBE9UvndZWU/edit
updated,l10,L10 Test,TH-CPU-0003,CPU_STRESS_TOOL_UNAVAILABLE,TH-CPU-0003-S5Q9,TH-CPU-0003-S5Q9,component,CPU,L10.CPU.HOST_CPU
updated,l10,L10 Test,TH-CPU-0003,CPU_STRESS_TOOL_UNAVAILABLE,TH-CPU-0003-S5Q9,TH-CPU-0003-S5Q9,since,harness 2026.212,harness 2026.226
updated,l10,L10 Test,TH-CPU-0003,CPU_STRESS_TOOL_UNAVAILABLE,TH-CPU-0003-S5Q9,TH-CPU-0003-S5Q9,doc_url,https://github.com/etched-ai/sw/blob/master/host/system_test/error_codes/doc/CpuStress.md#TH-CPU-0003,https://docs.google.com/document/d/1-_YC_cXvi3FtKd51jIetY9pER8JtCxH5dBE9UvndZWU/edit
updated,l10,L10 Test,TH-CPU-0004,CPU_STRESS_EXECUTION_ERROR,TH-CPU-0004-S4Q6,TH-CPU-0004-S4Q6,component,CPU,L10.CPU.HOST_CPU
updated,l10,L10 Test,TH-CPU-0004,CPU_STRESS_EXECUTION_ERROR,TH-CPU-0004-S4Q6,TH-CPU-0004-S4Q6,since,harness 2026.212,harness 2026.226
updated,l10,L10 Test,TH-CPU-0004,CPU_STRESS_EXECUTION_ERROR,TH-CPU-0004-S4Q6,TH-CPU-0004-S4Q6,doc_url,https://github.com/etched-ai/sw/blob/master/host/system_test/error_codes/doc/CpuStress.md#TH-CPU-0004,https://docs.google.com/document/d/1-_YC_cXvi3FtKd51jIetY9pER8JtCxH5dBE9UvndZWU/edit
updated,l10,L10 Test,TH-CPU-0005,CPU_INVENTORY_QUERY_FAILED,TH-CPU-0005-S4Q9,TH-CPU-0005-S4Q9,category,,7
updated,l10,L10 Test,TH-CPU-0005,CPU_INVENTORY_QUERY_FAILED,TH-CPU-0005-S4Q9,TH-CPU-0005-S4Q9,component,CPU,L10.CPU.HOST_CPU
updated,l10,L10 Test,TH-CPU-0005,CPU_INVENTORY_QUERY_FAILED,TH-CPU-0005-S4Q9,TH-CPU-0005-S4Q9,disposition,,ERROR
updated,l10,L10 Test,TH-CPU-0005,CPU_INVENTORY_QUERY_FAILED,TH-CPU-0005-S4Q9,TH-CPU-0005-S4Q9,retryable,,false
updated,l10,L10 Test,TH-CPU-0005,CPU_INVENTORY_QUERY_FAILED,TH-CPU-0005-S4Q9,TH-CPU-0005-S4Q9,owner,,supercomputing-sw
updated,l10,L10 Test,TH-CPU-0005,CPU_INVENTORY_QUERY_FAILED,TH-CPU-0005-S4Q9,TH-CPU-0005-S4Q9,since,,harness 2026.226
updated,l10,L10 Test,TH-CPU-0005,CPU_INVENTORY_QUERY_FAILED,TH-CPU-0005-S4Q9,TH-CPU-0005-S4Q9,doc_url,,https://docs.google.com/document/d/1-_YC_cXvi3FtKd51jIetY9pER8JtCxH5dBE9UvndZWU/edit
updated,l10,L10 Test,TH-CPU-0005,CPU_INVENTORY_QUERY_FAILED,TH-CPU-0005-S4Q9,TH-CPU-0005-S4Q9,registry_status,sheet only,in registry
updated,l10,L10 Test,TH-CPU-0006,CPU_INVENTORY_OUTPUT_INVALID,TH-CPU-0006-S4Q9,TH-CPU-0006-S4Q9,category,,7
updated,l10,L10 Test,TH-CPU-0006,CPU_INVENTORY_OUTPUT_INVALID,TH-CPU-0006-S4Q9,TH-CPU-0006-S4Q9,component,CPU,L10.CPU.HOST_CPU
updated,l10,L10 Test,TH-CPU-0006,CPU_INVENTORY_OUTPUT_INVALID,TH-CPU-0006-S4Q9,TH-CPU-0006-S4Q9,disposition,,ERROR
updated,l10,L10 Test,TH-CPU-0006,CPU_INVENTORY_OUTPUT_INVALID,TH-CPU-0006-S4Q9,TH-CPU-0006-S4Q9,retryable,,false
updated,l10,L10 Test,TH-CPU-0006,CPU_INVENTORY_OUTPUT_INVALID,TH-CPU-0006-S4Q9,TH-CPU-0006-S4Q9,owner,,supercomputing-sw
updated,l10,L10 Test,TH-CPU-0006,CPU_INVENTORY_OUTPUT_INVALID,TH-CPU-0006-S4Q9,TH-CPU-0006-S4Q9,since,,harness 2026.226
updated,l10,L10 Test,TH-CPU-0006,CPU_INVENTORY_OUTPUT_INVALID,TH-CPU-0006-S4Q9,TH-CPU-0006-S4Q9,doc_url,,https://docs.google.com/document/d/1-_YC_cXvi3FtKd51jIetY9pER8JtCxH5dBE9UvndZWU/edit
updated,l10,L10 Test,TH-CPU-0006,CPU_INVENTORY_OUTPUT_INVALID,TH-CPU-0006-S4Q9,TH-CPU-0006-S4Q9,registry_status,sheet only,in registry
updated,l10,L10 Test,TH-CPU-0007,CPU_COUNT_MISMATCH,TH-CPU-0007-S2Q9,TH-CPU-0007-S2Q9,category,,6
updated,l10,L10 Test,TH-CPU-0007,CPU_COUNT_MISMATCH,TH-CPU-0007-S2Q9,TH-CPU-0007-S2Q9,component,CPU,L10.CPU.HOST_CPU
updated,l10,L10 Test,TH-CPU-0007,CPU_COUNT_MISMATCH,TH-CPU-0007-S2Q9,TH-CPU-0007-S2Q9,disposition,,FAILED
updated,l10,L10 Test,TH-CPU-0007,CPU_COUNT_MISMATCH,TH-CPU-0007-S2Q9,TH-CPU-0007-S2Q9,retryable,,false
updated,l10,L10 Test,TH-CPU-0007,CPU_COUNT_MISMATCH,TH-CPU-0007-S2Q9,TH-CPU-0007-S2Q9,owner,,supercomputing-sw
updated,l10,L10 Test,TH-CPU-0007,CPU_COUNT_MISMATCH,TH-CPU-0007-S2Q9,TH-CPU-0007-S2Q9,since,,harness 2026.226
updated,l10,L10 Test,TH-CPU-0007,CPU_COUNT_MISMATCH,TH-CPU-0007-S2Q9,TH-CPU-0007-S2Q9,doc_url,,https://docs.google.com/document/d/1-_YC_cXvi3FtKd51jIetY9pER8JtCxH5dBE9UvndZWU/edit
updated,l10,L10 Test,TH-CPU-0007,CPU_COUNT_MISMATCH,TH-CPU-0007-S2Q9,TH-CPU-0007-S2Q9,registry_status,sheet only,in registry
updated,l10,L10 Test,TH-CPU-0008,CPU_IDENTITY_MISMATCH,TH-CPU-0008-S2Q9,TH-CPU-0008-S2Q9,category,,11
updated,l10,L10 Test,TH-CPU-0008,CPU_IDENTITY_MISMATCH,TH-CPU-0008-S2Q9,TH-CPU-0008-S2Q9,component,CPU,L10.CPU.HOST_CPU
updated,l10,L10 Test,TH-CPU-0008,CPU_IDENTITY_MISMATCH,TH-CPU-0008-S2Q9,TH-CPU-0008-S2Q9,disposition,,FAILED
updated,l10,L10 Test,TH-CPU-0008,CPU_IDENTITY_MISMATCH,TH-CPU-0008-S2Q9,TH-CPU-0008-S2Q9,retryable,,false
updated,l10,L10 Test,TH-CPU-0008,CPU_IDENTITY_MISMATCH,TH-CPU-0008-S2Q9,TH-CPU-0008-S2Q9,owner,,supercomputing-sw
updated,l10,L10 Test,TH-CPU-0008,CPU_IDENTITY_MISMATCH,TH-CPU-0008-S2Q9,TH-CPU-0008-S2Q9,since,,harness 2026.226
updated,l10,L10 Test,TH-CPU-0008,CPU_IDENTITY_MISMATCH,TH-CPU-0008-S2Q9,TH-CPU-0008-S2Q9,doc_url,,https://docs.google.com/document/d/1-_YC_cXvi3FtKd51jIetY9pER8JtCxH5dBE9UvndZWU/edit
updated,l10,L10 Test,TH-CPU-0008,CPU_IDENTITY_MISMATCH,TH-CPU-0008-S2Q9,TH-CPU-0008-S2Q9,registry_status,sheet only,in registry
updated,l10,L10 Test,TH-CPU-0009,CPU_TOPOLOGY_MISMATCH,TH-CPU-0009-S2Q9,TH-CPU-0009-S2Q9,category,,6
updated,l10,L10 Test,TH-CPU-0009,CPU_TOPOLOGY_MISMATCH,TH-CPU-0009-S2Q9,TH-CPU-0009-S2Q9,component,CPU,L10.CPU.HOST_CPU
updated,l10,L10 Test,TH-CPU-0009,CPU_TOPOLOGY_MISMATCH,TH-CPU-0009-S2Q9,TH-CPU-0009-S2Q9,disposition,,FAILED
updated,l10,L10 Test,TH-CPU-0009,CPU_TOPOLOGY_MISMATCH,TH-CPU-0009-S2Q9,TH-CPU-0009-S2Q9,retryable,,false
updated,l10,L10 Test,TH-CPU-0009,CPU_TOPOLOGY_MISMATCH,TH-CPU-0009-S2Q9,TH-CPU-0009-S2Q9,owner,,supercomputing-sw
updated,l10,L10 Test,TH-CPU-0009,CPU_TOPOLOGY_MISMATCH,TH-CPU-0009-S2Q9,TH-CPU-0009-S2Q9,since,,harness 2026.226
updated,l10,L10 Test,TH-CPU-0009,CPU_TOPOLOGY_MISMATCH,TH-CPU-0009-S2Q9,TH-CPU-0009-S2Q9,doc_url,,https://docs.google.com/document/d/1-_YC_cXvi3FtKd51jIetY9pER8JtCxH5dBE9UvndZWU/edit
updated,l10,L10 Test,TH-CPU-0009,CPU_TOPOLOGY_MISMATCH,TH-CPU-0009-S2Q9,TH-CPU-0009-S2Q9,registry_status,sheet only,in registry
updated,l10,L10 Test,TH-CPU-0010,CPU_CLOCK_MISMATCH,TH-CPU-0010-S4Q9,TH-CPU-0010-S4Q9,category,,5
updated,l10,L10 Test,TH-CPU-0010,CPU_CLOCK_MISMATCH,TH-CPU-0010-S4Q9,TH-CPU-0010-S4Q9,component,CPU,L10.CPU.HOST_CPU
updated,l10,L10 Test,TH-CPU-0010,CPU_CLOCK_MISMATCH,TH-CPU-0010-S4Q9,TH-CPU-0010-S4Q9,disposition,,FAILED
updated,l10,L10 Test,TH-CPU-0010,CPU_CLOCK_MISMATCH,TH-CPU-0010-S4Q9,TH-CPU-0010-S4Q9,retryable,,false
updated,l10,L10 Test,TH-CPU-0010,CPU_CLOCK_MISMATCH,TH-CPU-0010-S4Q9,TH-CPU-0010-S4Q9,owner,,supercomputing-sw
updated,l10,L10 Test,TH-CPU-0010,CPU_CLOCK_MISMATCH,TH-CPU-0010-S4Q9,TH-CPU-0010-S4Q9,since,,harness 2026.226
updated,l10,L10 Test,TH-CPU-0010,CPU_CLOCK_MISMATCH,TH-CPU-0010-S4Q9,TH-CPU-0010-S4Q9,doc_url,,https://docs.google.com/document/d/1-_YC_cXvi3FtKd51jIetY9pER8JtCxH5dBE9UvndZWU/edit
updated,l10,L10 Test,TH-CPU-0010,CPU_CLOCK_MISMATCH,TH-CPU-0010-S4Q9,TH-CPU-0010-S4Q9,registry_status,sheet only,in registry
updated,l10,L10 Test,TH-DISK-0001,DISK_INVENTORY_QUERY_FAILED,TH-DISK-0001-S4Q9,TH-DISK-0001-S4Q9,category,,7
updated,l10,L10 Test,TH-DISK-0001,DISK_INVENTORY_QUERY_FAILED,TH-DISK-0001-S4Q9,TH-DISK-0001-S4Q9,component,Disk,L10.DISK.STORAGE
updated,l10,L10 Test,TH-DISK-0001,DISK_INVENTORY_QUERY_FAILED,TH-DISK-0001-S4Q9,TH-DISK-0001-S4Q9,disposition,,ERROR
updated,l10,L10 Test,TH-DISK-0001,DISK_INVENTORY_QUERY_FAILED,TH-DISK-0001-S4Q9,TH-DISK-0001-S4Q9,retryable,,false
updated,l10,L10 Test,TH-DISK-0001,DISK_INVENTORY_QUERY_FAILED,TH-DISK-0001-S4Q9,TH-DISK-0001-S4Q9,owner,,supercomputing-sw
updated,l10,L10 Test,TH-DISK-0001,DISK_INVENTORY_QUERY_FAILED,TH-DISK-0001-S4Q9,TH-DISK-0001-S4Q9,since,,harness 2026.226
updated,l10,L10 Test,TH-DISK-0001,DISK_INVENTORY_QUERY_FAILED,TH-DISK-0001-S4Q9,TH-DISK-0001-S4Q9,doc_url,,https://docs.google.com/document/d/1-_YC_cXvi3FtKd51jIetY9pER8JtCxH5dBE9UvndZWU/edit
updated,l10,L10 Test,TH-DISK-0001,DISK_INVENTORY_QUERY_FAILED,TH-DISK-0001-S4Q9,TH-DISK-0001-S4Q9,registry_status,sheet only,in registry
updated,l10,L10 Test,TH-DISK-0002,DISK_INVENTORY_OUTPUT_INVALID,TH-DISK-0002-S4Q9,TH-DISK-0002-S4Q9,category,,7
updated,l10,L10 Test,TH-DISK-0002,DISK_INVENTORY_OUTPUT_INVALID,TH-DISK-0002-S4Q9,TH-DISK-0002-S4Q9,component,Disk,L10.DISK.STORAGE
updated,l10,L10 Test,TH-DISK-0002,DISK_INVENTORY_OUTPUT_INVALID,TH-DISK-0002-S4Q9,TH-DISK-0002-S4Q9,disposition,,ERROR
updated,l10,L10 Test,TH-DISK-0002,DISK_INVENTORY_OUTPUT_INVALID,TH-DISK-0002-S4Q9,TH-DISK-0002-S4Q9,retryable,,false
updated,l10,L10 Test,TH-DISK-0002,DISK_INVENTORY_OUTPUT_INVALID,TH-DISK-0002-S4Q9,TH-DISK-0002-S4Q9,owner,,supercomputing-sw
updated,l10,L10 Test,TH-DISK-0002,DISK_INVENTORY_OUTPUT_INVALID,TH-DISK-0002-S4Q9,TH-DISK-0002-S4Q9,since,,harness 2026.226
updated,l10,L10 Test,TH-DISK-0002,DISK_INVENTORY_OUTPUT_INVALID,TH-DISK-0002-S4Q9,TH-DISK-0002-S4Q9,doc_url,,https://docs.google.com/document/d/1-_YC_cXvi3FtKd51jIetY9pER8JtCxH5dBE9UvndZWU/edit
updated,l10,L10 Test,TH-DISK-0002,DISK_INVENTORY_OUTPUT_INVALID,TH-DISK-0002-S4Q9,TH-DISK-0002-S4Q9,registry_status,sheet only,in registry
updated,l10,L10 Test,TH-DISK-0003,NO_DISKS_DETECTED,TH-DISK-0003-S2Q9,TH-DISK-0003-S2Q9,category,,2
updated,l10,L10 Test,TH-DISK-0003,NO_DISKS_DETECTED,TH-DISK-0003-S2Q9,TH-DISK-0003-S2Q9,component,Disk,L10.DISK.STORAGE
updated,l10,L10 Test,TH-DISK-0003,NO_DISKS_DETECTED,TH-DISK-0003-S2Q9,TH-DISK-0003-S2Q9,disposition,,FAILED
updated,l10,L10 Test,TH-DISK-0003,NO_DISKS_DETECTED,TH-DISK-0003-S2Q9,TH-DISK-0003-S2Q9,retryable,,false
updated,l10,L10 Test,TH-DISK-0003,NO_DISKS_DETECTED,TH-DISK-0003-S2Q9,TH-DISK-0003-S2Q9,owner,,supercomputing-sw
updated,l10,L10 Test,TH-DISK-0003,NO_DISKS_DETECTED,TH-DISK-0003-S2Q9,TH-DISK-0003-S2Q9,since,,harness 2026.226
updated,l10,L10 Test,TH-DISK-0003,NO_DISKS_DETECTED,TH-DISK-0003-S2Q9,TH-DISK-0003-S2Q9,doc_url,,https://docs.google.com/document/d/1-_YC_cXvi3FtKd51jIetY9pER8JtCxH5dBE9UvndZWU/edit
updated,l10,L10 Test,TH-DISK-0003,NO_DISKS_DETECTED,TH-DISK-0003-S2Q9,TH-DISK-0003-S2Q9,registry_status,sheet only,in registry
updated,l10,L10 Test,TH-DISK-0004,DISK_COUNT_MISMATCH,TH-DISK-0004-S2Q9,TH-DISK-0004-S2Q9,category,,2
updated,l10,L10 Test,TH-DISK-0004,DISK_COUNT_MISMATCH,TH-DISK-0004-S2Q9,TH-DISK-0004-S2Q9,component,Disk,L10.DISK.STORAGE
updated,l10,L10 Test,TH-DISK-0004,DISK_COUNT_MISMATCH,TH-DISK-0004-S2Q9,TH-DISK-0004-S2Q9,disposition,,FAILED
updated,l10,L10 Test,TH-DISK-0004,DISK_COUNT_MISMATCH,TH-DISK-0004-S2Q9,TH-DISK-0004-S2Q9,retryable,,false
updated,l10,L10 Test,TH-DISK-0004,DISK_COUNT_MISMATCH,TH-DISK-0004-S2Q9,TH-DISK-0004-S2Q9,owner,,supercomputing-sw
updated,l10,L10 Test,TH-DISK-0004,DISK_COUNT_MISMATCH,TH-DISK-0004-S2Q9,TH-DISK-0004-S2Q9,since,,harness 2026.226
updated,l10,L10 Test,TH-DISK-0004,DISK_COUNT_MISMATCH,TH-DISK-0004-S2Q9,TH-DISK-0004-S2Q9,doc_url,,https://docs.google.com/document/d/1-_YC_cXvi3FtKd51jIetY9pER8JtCxH5dBE9UvndZWU/edit
updated,l10,L10 Test,TH-DISK-0004,DISK_COUNT_MISMATCH,TH-DISK-0004-S2Q9,TH-DISK-0004-S2Q9,registry_status,sheet only,in registry
updated,l10,L10 Test,TH-DISK-0005,DISK_IDENTITY_OR_CAPACITY_MISMATCH,TH-DISK-0005-S2Q9,TH-DISK-0005-S2Q9,category,,11
updated,l10,L10 Test,TH-DISK-0005,DISK_IDENTITY_OR_CAPACITY_MISMATCH,TH-DISK-0005-S2Q9,TH-DISK-0005-S2Q9,component,Disk,L10.DISK.STORAGE
updated,l10,L10 Test,TH-DISK-0005,DISK_IDENTITY_OR_CAPACITY_MISMATCH,TH-DISK-0005-S2Q9,TH-DISK-0005-S2Q9,disposition,,FAILED
updated,l10,L10 Test,TH-DISK-0005,DISK_IDENTITY_OR_CAPACITY_MISMATCH,TH-DISK-0005-S2Q9,TH-DISK-0005-S2Q9,retryable,,false
updated,l10,L10 Test,TH-DISK-0005,DISK_IDENTITY_OR_CAPACITY_MISMATCH,TH-DISK-0005-S2Q9,TH-DISK-0005-S2Q9,owner,,supercomputing-sw
updated,l10,L10 Test,TH-DISK-0005,DISK_IDENTITY_OR_CAPACITY_MISMATCH,TH-DISK-0005-S2Q9,TH-DISK-0005-S2Q9,since,,harness 2026.226
updated,l10,L10 Test,TH-DISK-0005,DISK_IDENTITY_OR_CAPACITY_MISMATCH,TH-DISK-0005-S2Q9,TH-DISK-0005-S2Q9,doc_url,,https://docs.google.com/document/d/1-_YC_cXvi3FtKd51jIetY9pER8JtCxH5dBE9UvndZWU/edit
updated,l10,L10 Test,TH-DISK-0005,DISK_IDENTITY_OR_CAPACITY_MISMATCH,TH-DISK-0005-S2Q9,TH-DISK-0005-S2Q9,registry_status,sheet only,in registry
updated,l10,L10 Test,TH-DISK-0006,MIXED_DRIVE_CONFIGURATION,TH-DISK-0006-S4Q9,TH-DISK-0006-S4Q9,category,,5
updated,l10,L10 Test,TH-DISK-0006,MIXED_DRIVE_CONFIGURATION,TH-DISK-0006-S4Q9,TH-DISK-0006-S4Q9,component,Disk,L10.DISK.STORAGE
updated,l10,L10 Test,TH-DISK-0006,MIXED_DRIVE_CONFIGURATION,TH-DISK-0006-S4Q9,TH-DISK-0006-S4Q9,disposition,,FAILED
updated,l10,L10 Test,TH-DISK-0006,MIXED_DRIVE_CONFIGURATION,TH-DISK-0006-S4Q9,TH-DISK-0006-S4Q9,retryable,,false
updated,l10,L10 Test,TH-DISK-0006,MIXED_DRIVE_CONFIGURATION,TH-DISK-0006-S4Q9,TH-DISK-0006-S4Q9,owner,,supercomputing-sw
updated,l10,L10 Test,TH-DISK-0006,MIXED_DRIVE_CONFIGURATION,TH-DISK-0006-S4Q9,TH-DISK-0006-S4Q9,since,,harness 2026.226
updated,l10,L10 Test,TH-DISK-0006,MIXED_DRIVE_CONFIGURATION,TH-DISK-0006-S4Q9,TH-DISK-0006-S4Q9,doc_url,,https://docs.google.com/document/d/1-_YC_cXvi3FtKd51jIetY9pER8JtCxH5dBE9UvndZWU/edit
updated,l10,L10 Test,TH-DISK-0006,MIXED_DRIVE_CONFIGURATION,TH-DISK-0006-S4Q9,TH-DISK-0006-S4Q9,registry_status,sheet only,in registry
updated,l10,L10 Test,TH-DISK-0007,BOOT_DEVICE_UNDETERMINED,TH-DISK-0007-S5Q9,TH-DISK-0007-S5Q9,category,,5
updated,l10,L10 Test,TH-DISK-0007,BOOT_DEVICE_UNDETERMINED,TH-DISK-0007-S5Q9,TH-DISK-0007-S5Q9,component,Disk,L10.DISK.STORAGE
updated,l10,L10 Test,TH-DISK-0007,BOOT_DEVICE_UNDETERMINED,TH-DISK-0007-S5Q9,TH-DISK-0007-S5Q9,disposition,,ERROR
updated,l10,L10 Test,TH-DISK-0007,BOOT_DEVICE_UNDETERMINED,TH-DISK-0007-S5Q9,TH-DISK-0007-S5Q9,retryable,,false
updated,l10,L10 Test,TH-DISK-0007,BOOT_DEVICE_UNDETERMINED,TH-DISK-0007-S5Q9,TH-DISK-0007-S5Q9,owner,,supercomputing-sw
updated,l10,L10 Test,TH-DISK-0007,BOOT_DEVICE_UNDETERMINED,TH-DISK-0007-S5Q9,TH-DISK-0007-S5Q9,since,,harness 2026.226
updated,l10,L10 Test,TH-DISK-0007,BOOT_DEVICE_UNDETERMINED,TH-DISK-0007-S5Q9,TH-DISK-0007-S5Q9,doc_url,,https://docs.google.com/document/d/1-_YC_cXvi3FtKd51jIetY9pER8JtCxH5dBE9UvndZWU/edit
updated,l10,L10 Test,TH-DISK-0007,BOOT_DEVICE_UNDETERMINED,TH-DISK-0007-S5Q9,TH-DISK-0007-S5Q9,registry_status,sheet only,in registry
updated,l10,L10 Test,TH-DISK-0008,NO_TESTABLE_NVME_DEVICES,TH-DISK-0008-S5Q9,TH-DISK-0008-S5Q9,category,,5
updated,l10,L10 Test,TH-DISK-0008,NO_TESTABLE_NVME_DEVICES,TH-DISK-0008-S5Q9,TH-DISK-0008-S5Q9,component,Disk,L10.DISK.STORAGE
updated,l10,L10 Test,TH-DISK-0008,NO_TESTABLE_NVME_DEVICES,TH-DISK-0008-S5Q9,TH-DISK-0008-S5Q9,disposition,,ERROR
updated,l10,L10 Test,TH-DISK-0008,NO_TESTABLE_NVME_DEVICES,TH-DISK-0008-S5Q9,TH-DISK-0008-S5Q9,retryable,,false
updated,l10,L10 Test,TH-DISK-0008,NO_TESTABLE_NVME_DEVICES,TH-DISK-0008-S5Q9,TH-DISK-0008-S5Q9,owner,,supercomputing-sw
updated,l10,L10 Test,TH-DISK-0008,NO_TESTABLE_NVME_DEVICES,TH-DISK-0008-S5Q9,TH-DISK-0008-S5Q9,since,,harness 2026.226
updated,l10,L10 Test,TH-DISK-0008,NO_TESTABLE_NVME_DEVICES,TH-DISK-0008-S5Q9,TH-DISK-0008-S5Q9,doc_url,,https://docs.google.com/document/d/1-_YC_cXvi3FtKd51jIetY9pER8JtCxH5dBE9UvndZWU/edit
updated,l10,L10 Test,TH-DISK-0008,NO_TESTABLE_NVME_DEVICES,TH-DISK-0008-S5Q9,TH-DISK-0008-S5Q9,registry_status,sheet only,in registry
updated,l10,L10 Test,TH-DISK-0009,NVME_NAMESPACE_MISSING,TH-DISK-0009-S2Q9,TH-DISK-0009-S2Q9,category,,2
updated,l10,L10 Test,TH-DISK-0009,NVME_NAMESPACE_MISSING,TH-DISK-0009-S2Q9,TH-DISK-0009-S2Q9,component,NVMe SSD,L10.DISK.NVME
updated,l10,L10 Test,TH-DISK-0009,NVME_NAMESPACE_MISSING,TH-DISK-0009-S2Q9,TH-DISK-0009-S2Q9,disposition,,FAILED
updated,l10,L10 Test,TH-DISK-0009,NVME_NAMESPACE_MISSING,TH-DISK-0009-S2Q9,TH-DISK-0009-S2Q9,retryable,,false
updated,l10,L10 Test,TH-DISK-0009,NVME_NAMESPACE_MISSING,TH-DISK-0009-S2Q9,TH-DISK-0009-S2Q9,owner,,supercomputing-sw
updated,l10,L10 Test,TH-DISK-0009,NVME_NAMESPACE_MISSING,TH-DISK-0009-S2Q9,TH-DISK-0009-S2Q9,since,,harness 2026.226
updated,l10,L10 Test,TH-DISK-0009,NVME_NAMESPACE_MISSING,TH-DISK-0009-S2Q9,TH-DISK-0009-S2Q9,doc_url,,https://docs.google.com/document/d/1-_YC_cXvi3FtKd51jIetY9pER8JtCxH5dBE9UvndZWU/edit
updated,l10,L10 Test,TH-DISK-0009,NVME_NAMESPACE_MISSING,TH-DISK-0009-S2Q9,TH-DISK-0009-S2Q9,registry_status,sheet only,in registry
updated,l10,L10 Test,TH-DISK-0010,NVME_FORMAT_FAILED,TH-DISK-0010-S4Q9,TH-DISK-0010-S4Q9,category,,2
updated,l10,L10 Test,TH-DISK-0010,NVME_FORMAT_FAILED,TH-DISK-0010-S4Q9,TH-DISK-0010-S4Q9,component,NVMe SSD,L10.DISK.NVME
updated,l10,L10 Test,TH-DISK-0010,NVME_FORMAT_FAILED,TH-DISK-0010-S4Q9,TH-DISK-0010-S4Q9,disposition,,FAILED
updated,l10,L10 Test,TH-DISK-0010,NVME_FORMAT_FAILED,TH-DISK-0010-S4Q9,TH-DISK-0010-S4Q9,retryable,,false
updated,l10,L10 Test,TH-DISK-0010,NVME_FORMAT_FAILED,TH-DISK-0010-S4Q9,TH-DISK-0010-S4Q9,owner,,supercomputing-sw
updated,l10,L10 Test,TH-DISK-0010,NVME_FORMAT_FAILED,TH-DISK-0010-S4Q9,TH-DISK-0010-S4Q9,since,,harness 2026.226
updated,l10,L10 Test,TH-DISK-0010,NVME_FORMAT_FAILED,TH-DISK-0010-S4Q9,TH-DISK-0010-S4Q9,doc_url,,https://docs.google.com/document/d/1-_YC_cXvi3FtKd51jIetY9pER8JtCxH5dBE9UvndZWU/edit
updated,l10,L10 Test,TH-DISK-0010,NVME_FORMAT_FAILED,TH-DISK-0010-S4Q9,TH-DISK-0010-S4Q9,registry_status,sheet only,in registry
updated,l10,L10 Test,TH-DISK-0011,NVME_NAMESPACE_NOT_CREATED,TH-DISK-0011-S2Q9,TH-DISK-0011-S2Q9,category,,2
updated,l10,L10 Test,TH-DISK-0011,NVME_NAMESPACE_NOT_CREATED,TH-DISK-0011-S2Q9,TH-DISK-0011-S2Q9,component,NVMe SSD,L10.DISK.NVME
updated,l10,L10 Test,TH-DISK-0011,NVME_NAMESPACE_NOT_CREATED,TH-DISK-0011-S2Q9,TH-DISK-0011-S2Q9,disposition,,FAILED
updated,l10,L10 Test,TH-DISK-0011,NVME_NAMESPACE_NOT_CREATED,TH-DISK-0011-S2Q9,TH-DISK-0011-S2Q9,retryable,,false
updated,l10,L10 Test,TH-DISK-0011,NVME_NAMESPACE_NOT_CREATED,TH-DISK-0011-S2Q9,TH-DISK-0011-S2Q9,owner,,supercomputing-sw
updated,l10,L10 Test,TH-DISK-0011,NVME_NAMESPACE_NOT_CREATED,TH-DISK-0011-S2Q9,TH-DISK-0011-S2Q9,since,,harness 2026.226
updated,l10,L10 Test,TH-DISK-0011,NVME_NAMESPACE_NOT_CREATED,TH-DISK-0011-S2Q9,TH-DISK-0011-S2Q9,doc_url,,https://docs.google.com/document/d/1-_YC_cXvi3FtKd51jIetY9pER8JtCxH5dBE9UvndZWU/edit
updated,l10,L10 Test,TH-DISK-0011,NVME_NAMESPACE_NOT_CREATED,TH-DISK-0011-S2Q9,TH-DISK-0011-S2Q9,registry_status,sheet only,in registry
updated,l10,L10 Test,TH-DISK-0012,NVME_SMART_SELF_TEST_FAILED,TH-DISK-0012-S2Q9,TH-DISK-0012-S2Q9,category,,2
updated,l10,L10 Test,TH-DISK-0012,NVME_SMART_SELF_TEST_FAILED,TH-DISK-0012-S2Q9,TH-DISK-0012-S2Q9,component,NVMe SSD,L10.DISK.NVME
updated,l10,L10 Test,TH-DISK-0012,NVME_SMART_SELF_TEST_FAILED,TH-DISK-0012-S2Q9,TH-DISK-0012-S2Q9,disposition,,FAILED
updated,l10,L10 Test,TH-DISK-0012,NVME_SMART_SELF_TEST_FAILED,TH-DISK-0012-S2Q9,TH-DISK-0012-S2Q9,retryable,,false
updated,l10,L10 Test,TH-DISK-0012,NVME_SMART_SELF_TEST_FAILED,TH-DISK-0012-S2Q9,TH-DISK-0012-S2Q9,owner,,supercomputing-sw
updated,l10,L10 Test,TH-DISK-0012,NVME_SMART_SELF_TEST_FAILED,TH-DISK-0012-S2Q9,TH-DISK-0012-S2Q9,since,,harness 2026.226
updated,l10,L10 Test,TH-DISK-0012,NVME_SMART_SELF_TEST_FAILED,TH-DISK-0012-S2Q9,TH-DISK-0012-S2Q9,doc_url,,https://docs.google.com/document/d/1-_YC_cXvi3FtKd51jIetY9pER8JtCxH5dBE9UvndZWU/edit
updated,l10,L10 Test,TH-DISK-0012,NVME_SMART_SELF_TEST_FAILED,TH-DISK-0012-S2Q9,TH-DISK-0012-S2Q9,registry_status,sheet only,in registry
updated,l10,L10 Test,TH-DISK-0013,NVME_SMART_DATA_UNAVAILABLE,TH-DISK-0013-S4Q9,TH-DISK-0013-S4Q9,category,,7
updated,l10,L10 Test,TH-DISK-0013,NVME_SMART_DATA_UNAVAILABLE,TH-DISK-0013-S4Q9,TH-DISK-0013-S4Q9,component,NVMe SSD,L10.DISK.NVME
updated,l10,L10 Test,TH-DISK-0013,NVME_SMART_DATA_UNAVAILABLE,TH-DISK-0013-S4Q9,TH-DISK-0013-S4Q9,disposition,,ERROR
updated,l10,L10 Test,TH-DISK-0013,NVME_SMART_DATA_UNAVAILABLE,TH-DISK-0013-S4Q9,TH-DISK-0013-S4Q9,retryable,,false
updated,l10,L10 Test,TH-DISK-0013,NVME_SMART_DATA_UNAVAILABLE,TH-DISK-0013-S4Q9,TH-DISK-0013-S4Q9,owner,,supercomputing-sw
updated,l10,L10 Test,TH-DISK-0013,NVME_SMART_DATA_UNAVAILABLE,TH-DISK-0013-S4Q9,TH-DISK-0013-S4Q9,since,,harness 2026.226
updated,l10,L10 Test,TH-DISK-0013,NVME_SMART_DATA_UNAVAILABLE,TH-DISK-0013-S4Q9,TH-DISK-0013-S4Q9,doc_url,,https://docs.google.com/document/d/1-_YC_cXvi3FtKd51jIetY9pER8JtCxH5dBE9UvndZWU/edit
updated,l10,L10 Test,TH-DISK-0013,NVME_SMART_DATA_UNAVAILABLE,TH-DISK-0013-S4Q9,TH-DISK-0013-S4Q9,registry_status,sheet only,in registry
updated,l10,L10 Test,TH-DISK-0014,NVME_SMART_CRITICAL_WARNING,TH-DISK-0014-S2Q9,TH-DISK-0014-S2Q9,category,,2
updated,l10,L10 Test,TH-DISK-0014,NVME_SMART_CRITICAL_WARNING,TH-DISK-0014-S2Q9,TH-DISK-0014-S2Q9,component,NVMe SSD,L10.DISK.NVME
updated,l10,L10 Test,TH-DISK-0014,NVME_SMART_CRITICAL_WARNING,TH-DISK-0014-S2Q9,TH-DISK-0014-S2Q9,disposition,,FAILED
updated,l10,L10 Test,TH-DISK-0014,NVME_SMART_CRITICAL_WARNING,TH-DISK-0014-S2Q9,TH-DISK-0014-S2Q9,retryable,,false
updated,l10,L10 Test,TH-DISK-0014,NVME_SMART_CRITICAL_WARNING,TH-DISK-0014-S2Q9,TH-DISK-0014-S2Q9,owner,,supercomputing-sw
updated,l10,L10 Test,TH-DISK-0014,NVME_SMART_CRITICAL_WARNING,TH-DISK-0014-S2Q9,TH-DISK-0014-S2Q9,since,,harness 2026.226
updated,l10,L10 Test,TH-DISK-0014,NVME_SMART_CRITICAL_WARNING,TH-DISK-0014-S2Q9,TH-DISK-0014-S2Q9,doc_url,,https://docs.google.com/document/d/1-_YC_cXvi3FtKd51jIetY9pER8JtCxH5dBE9UvndZWU/edit
updated,l10,L10 Test,TH-DISK-0014,NVME_SMART_CRITICAL_WARNING,TH-DISK-0014-S2Q9,TH-DISK-0014-S2Q9,registry_status,sheet only,in registry
updated,l10,L10 Test,TH-DISK-0015,NVME_AVAILABLE_SPARE_BELOW_THRESHOLD,TH-DISK-0015-S2Q9,TH-DISK-0015-S2Q9,category,,2
updated,l10,L10 Test,TH-DISK-0015,NVME_AVAILABLE_SPARE_BELOW_THRESHOLD,TH-DISK-0015-S2Q9,TH-DISK-0015-S2Q9,component,NVMe SSD,L10.DISK.NVME
updated,l10,L10 Test,TH-DISK-0015,NVME_AVAILABLE_SPARE_BELOW_THRESHOLD,TH-DISK-0015-S2Q9,TH-DISK-0015-S2Q9,disposition,,FAILED
updated,l10,L10 Test,TH-DISK-0015,NVME_AVAILABLE_SPARE_BELOW_THRESHOLD,TH-DISK-0015-S2Q9,TH-DISK-0015-S2Q9,retryable,,false
updated,l10,L10 Test,TH-DISK-0015,NVME_AVAILABLE_SPARE_BELOW_THRESHOLD,TH-DISK-0015-S2Q9,TH-DISK-0015-S2Q9,owner,,supercomputing-sw
updated,l10,L10 Test,TH-DISK-0015,NVME_AVAILABLE_SPARE_BELOW_THRESHOLD,TH-DISK-0015-S2Q9,TH-DISK-0015-S2Q9,since,,harness 2026.226
updated,l10,L10 Test,TH-DISK-0015,NVME_AVAILABLE_SPARE_BELOW_THRESHOLD,TH-DISK-0015-S2Q9,TH-DISK-0015-S2Q9,doc_url,,https://docs.google.com/document/d/1-_YC_cXvi3FtKd51jIetY9pER8JtCxH5dBE9UvndZWU/edit
updated,l10,L10 Test,TH-DISK-0015,NVME_AVAILABLE_SPARE_BELOW_THRESHOLD,TH-DISK-0015-S2Q9,TH-DISK-0015-S2Q9,registry_status,sheet only,in registry
updated,l10,L10 Test,TH-DISK-0016,NVME_MEDIA_ERRORS_DETECTED,TH-DISK-0016-S2Q9,TH-DISK-0016-S2Q9,category,,2
updated,l10,L10 Test,TH-DISK-0016,NVME_MEDIA_ERRORS_DETECTED,TH-DISK-0016-S2Q9,TH-DISK-0016-S2Q9,component,NVMe SSD,L10.DISK.NVME
updated,l10,L10 Test,TH-DISK-0016,NVME_MEDIA_ERRORS_DETECTED,TH-DISK-0016-S2Q9,TH-DISK-0016-S2Q9,disposition,,FAILED
updated,l10,L10 Test,TH-DISK-0016,NVME_MEDIA_ERRORS_DETECTED,TH-DISK-0016-S2Q9,TH-DISK-0016-S2Q9,retryable,,false
updated,l10,L10 Test,TH-DISK-0016,NVME_MEDIA_ERRORS_DETECTED,TH-DISK-0016-S2Q9,TH-DISK-0016-S2Q9,owner,,supercomputing-sw
updated,l10,L10 Test,TH-DISK-0016,NVME_MEDIA_ERRORS_DETECTED,TH-DISK-0016-S2Q9,TH-DISK-0016-S2Q9,since,,harness 2026.226
updated,l10,L10 Test,TH-DISK-0016,NVME_MEDIA_ERRORS_DETECTED,TH-DISK-0016-S2Q9,TH-DISK-0016-S2Q9,doc_url,,https://docs.google.com/document/d/1-_YC_cXvi3FtKd51jIetY9pER8JtCxH5dBE9UvndZWU/edit
updated,l10,L10 Test,TH-DISK-0016,NVME_MEDIA_ERRORS_DETECTED,TH-DISK-0016-S2Q9,TH-DISK-0016-S2Q9,registry_status,sheet only,in registry
updated,l10,L10 Test,TH-DISK-0017,NVME_TEMPERATURE_OUT_OF_RANGE,TH-DISK-0017-S4Q9,TH-DISK-0017-S4Q9,category,,6
updated,l10,L10 Test,TH-DISK-0017,NVME_TEMPERATURE_OUT_OF_RANGE,TH-DISK-0017-S4Q9,TH-DISK-0017-S4Q9,component,NVMe SSD,L10.DISK.NVME
updated,l10,L10 Test,TH-DISK-0017,NVME_TEMPERATURE_OUT_OF_RANGE,TH-DISK-0017-S4Q9,TH-DISK-0017-S4Q9,disposition,,FAILED
updated,l10,L10 Test,TH-DISK-0017,NVME_TEMPERATURE_OUT_OF_RANGE,TH-DISK-0017-S4Q9,TH-DISK-0017-S4Q9,retryable,,false
updated,l10,L10 Test,TH-DISK-0017,NVME_TEMPERATURE_OUT_OF_RANGE,TH-DISK-0017-S4Q9,TH-DISK-0017-S4Q9,owner,,supercomputing-sw
updated,l10,L10 Test,TH-DISK-0017,NVME_TEMPERATURE_OUT_OF_RANGE,TH-DISK-0017-S4Q9,TH-DISK-0017-S4Q9,since,,harness 2026.226
updated,l10,L10 Test,TH-DISK-0017,NVME_TEMPERATURE_OUT_OF_RANGE,TH-DISK-0017-S4Q9,TH-DISK-0017-S4Q9,doc_url,,https://docs.google.com/document/d/1-_YC_cXvi3FtKd51jIetY9pER8JtCxH5dBE9UvndZWU/edit
updated,l10,L10 Test,TH-DISK-0017,NVME_TEMPERATURE_OUT_OF_RANGE,TH-DISK-0017-S4Q9,TH-DISK-0017-S4Q9,registry_status,sheet only,in registry
updated,l10,L10 Test,TH-DISK-0018,NVME_WEAR_LIMIT_EXCEEDED,TH-DISK-0018-S2Q9,TH-DISK-0018-S2Q9,category,,2
updated,l10,L10 Test,TH-DISK-0018,NVME_WEAR_LIMIT_EXCEEDED,TH-DISK-0018-S2Q9,TH-DISK-0018-S2Q9,component,NVMe SSD,L10.DISK.NVME
updated,l10,L10 Test,TH-DISK-0018,NVME_WEAR_LIMIT_EXCEEDED,TH-DISK-0018-S2Q9,TH-DISK-0018-S2Q9,disposition,,FAILED
updated,l10,L10 Test,TH-DISK-0018,NVME_WEAR_LIMIT_EXCEEDED,TH-DISK-0018-S2Q9,TH-DISK-0018-S2Q9,retryable,,false
updated,l10,L10 Test,TH-DISK-0018,NVME_WEAR_LIMIT_EXCEEDED,TH-DISK-0018-S2Q9,TH-DISK-0018-S2Q9,owner,,supercomputing-sw
updated,l10,L10 Test,TH-DISK-0018,NVME_WEAR_LIMIT_EXCEEDED,TH-DISK-0018-S2Q9,TH-DISK-0018-S2Q9,since,,harness 2026.226
updated,l10,L10 Test,TH-DISK-0018,NVME_WEAR_LIMIT_EXCEEDED,TH-DISK-0018-S2Q9,TH-DISK-0018-S2Q9,doc_url,,https://docs.google.com/document/d/1-_YC_cXvi3FtKd51jIetY9pER8JtCxH5dBE9UvndZWU/edit
updated,l10,L10 Test,TH-DISK-0018,NVME_WEAR_LIMIT_EXCEEDED,TH-DISK-0018-S2Q9,TH-DISK-0018-S2Q9,registry_status,sheet only,in registry
updated,l10,L10 Test,TH-DISK-0019,DISK_STRESS_FIO_FAILED,TH-DISK-0019-S2Q6,TH-DISK-0019-S2Q6,category,,2
updated,l10,L10 Test,TH-DISK-0019,DISK_STRESS_FIO_FAILED,TH-DISK-0019-S2Q6,TH-DISK-0019-S2Q6,component,Disk,L10.DISK.STORAGE
updated,l10,L10 Test,TH-DISK-0019,DISK_STRESS_FIO_FAILED,TH-DISK-0019-S2Q6,TH-DISK-0019-S2Q6,disposition,,FAILED
updated,l10,L10 Test,TH-DISK-0019,DISK_STRESS_FIO_FAILED,TH-DISK-0019-S2Q6,TH-DISK-0019-S2Q6,retryable,,true
updated,l10,L10 Test,TH-DISK-0019,DISK_STRESS_FIO_FAILED,TH-DISK-0019-S2Q6,TH-DISK-0019-S2Q6,owner,,supercomputing-sw
updated,l10,L10 Test,TH-DISK-0019,DISK_STRESS_FIO_FAILED,TH-DISK-0019-S2Q6,TH-DISK-0019-S2Q6,since,,harness 2026.226
updated,l10,L10 Test,TH-DISK-0019,DISK_STRESS_FIO_FAILED,TH-DISK-0019-S2Q6,TH-DISK-0019-S2Q6,doc_url,,https://docs.google.com/document/d/1-_YC_cXvi3FtKd51jIetY9pER8JtCxH5dBE9UvndZWU/edit
updated,l10,L10 Test,TH-DISK-0019,DISK_STRESS_FIO_FAILED,TH-DISK-0019-S2Q6,TH-DISK-0019-S2Q6,registry_status,sheet only,in registry
updated,l10,L10 Test,TH-DISK-0020,DISK_STRESS_OUTPUT_INVALID,TH-DISK-0020-S4Q9,TH-DISK-0020-S4Q9,category,,7
updated,l10,L10 Test,TH-DISK-0020,DISK_STRESS_OUTPUT_INVALID,TH-DISK-0020-S4Q9,TH-DISK-0020-S4Q9,component,Disk,L10.DISK.STORAGE
updated,l10,L10 Test,TH-DISK-0020,DISK_STRESS_OUTPUT_INVALID,TH-DISK-0020-S4Q9,TH-DISK-0020-S4Q9,disposition,,ERROR
updated,l10,L10 Test,TH-DISK-0020,DISK_STRESS_OUTPUT_INVALID,TH-DISK-0020-S4Q9,TH-DISK-0020-S4Q9,retryable,,false
updated,l10,L10 Test,TH-DISK-0020,DISK_STRESS_OUTPUT_INVALID,TH-DISK-0020-S4Q9,TH-DISK-0020-S4Q9,owner,,supercomputing-sw
updated,l10,L10 Test,TH-DISK-0020,DISK_STRESS_OUTPUT_INVALID,TH-DISK-0020-S4Q9,TH-DISK-0020-S4Q9,since,,harness 2026.226
updated,l10,L10 Test,TH-DISK-0020,DISK_STRESS_OUTPUT_INVALID,TH-DISK-0020-S4Q9,TH-DISK-0020-S4Q9,doc_url,,https://docs.google.com/document/d/1-_YC_cXvi3FtKd51jIetY9pER8JtCxH5dBE9UvndZWU/edit
updated,l10,L10 Test,TH-DISK-0020,DISK_STRESS_OUTPUT_INVALID,TH-DISK-0020-S4Q9,TH-DISK-0020-S4Q9,registry_status,sheet only,in registry
updated,l10,L10 Test,TH-ENV-0005,MODEL_REGISTRY_MOUNT_FAILED,TH-ENV-0005-S4Q9,TH-ENV-0005-S4Q9,category,,1
updated,l10,L10 Test,TH-ENV-0005,MODEL_REGISTRY_MOUNT_FAILED,TH-ENV-0005-S4Q9,TH-ENV-0005-S4Q9,component,Model Registry,L10.ENV.MODEL_REGISTRY
updated,l10,L10 Test,TH-ENV-0005,MODEL_REGISTRY_MOUNT_FAILED,TH-ENV-0005-S4Q9,TH-ENV-0005-S4Q9,disposition,,ERROR
updated,l10,L10 Test,TH-ENV-0005,MODEL_REGISTRY_MOUNT_FAILED,TH-ENV-0005-S4Q9,TH-ENV-0005-S4Q9,retryable,,false
updated,l10,L10 Test,TH-ENV-0005,MODEL_REGISTRY_MOUNT_FAILED,TH-ENV-0005-S4Q9,TH-ENV-0005-S4Q9,owner,,supercomputing-sw
updated,l10,L10 Test,TH-ENV-0005,MODEL_REGISTRY_MOUNT_FAILED,TH-ENV-0005-S4Q9,TH-ENV-0005-S4Q9,since,,harness 2026.226
updated,l10,L10 Test,TH-ENV-0005,MODEL_REGISTRY_MOUNT_FAILED,TH-ENV-0005-S4Q9,TH-ENV-0005-S4Q9,doc_url,,https://docs.google.com/document/d/1-_YC_cXvi3FtKd51jIetY9pER8JtCxH5dBE9UvndZWU/edit
updated,l10,L10 Test,TH-ENV-0005,MODEL_REGISTRY_MOUNT_FAILED,TH-ENV-0005-S4Q9,TH-ENV-0005-S4Q9,registry_status,sheet only,in registry
updated,l10,L10 Test,TH-ENV-0006,MODEL_ARTIFACT_UNAVAILABLE,TH-ENV-0006-S5Q9,TH-ENV-0006-S5Q9,message,A required model-registry artifact or model path is missing or unreadable.,"A required model artifact, Hugging Face cache, or model path is missing or unreadable."
updated,l10,L10 Test,TH-ENV-0006,MODEL_ARTIFACT_UNAVAILABLE,TH-ENV-0006-S5Q9,TH-ENV-0006-S5Q9,category,,11
updated,l10,L10 Test,TH-ENV-0006,MODEL_ARTIFACT_UNAVAILABLE,TH-ENV-0006-S5Q9,TH-ENV-0006-S5Q9,component,Model Registry,L10.ENV.MODEL_REGISTRY
updated,l10,L10 Test,TH-ENV-0006,MODEL_ARTIFACT_UNAVAILABLE,TH-ENV-0006-S5Q9,TH-ENV-0006-S5Q9,test_cases,"StageModelRegistryToShmTestCase, SohuMlpTp8TestCase, SohuLlama70bForwardIteratedTestCase, SohuLlama70bHp8ForwardIteratedTestCase, SohuLlamaTp8InferenceMaxTestCase, Llama8bFp8Tp1SmokeTestCase","StageModelRegistryToShmTestCase, SohuMlpTp8TestCase, SohuLlama70bForwardIteratedTestCase, SohuLlama70bHp8ForwardIteratedTestCase, SohuLlamaHp2Up4CachedInferenceMaxTestCase, SohuLlamaHp2Up4NospecInferenceMaxTestCase, SohuLlamaHp8CachedInferenceMaxTestCase, Llama8bFp8Tp1SmokeTestCase"
updated,l10,L10 Test,TH-ENV-0006,MODEL_ARTIFACT_UNAVAILABLE,TH-ENV-0006-S5Q9,TH-ENV-0006-S5Q9,disposition,,ERROR
updated,l10,L10 Test,TH-ENV-0006,MODEL_ARTIFACT_UNAVAILABLE,TH-ENV-0006-S5Q9,TH-ENV-0006-S5Q9,retryable,,false
updated,l10,L10 Test,TH-ENV-0006,MODEL_ARTIFACT_UNAVAILABLE,TH-ENV-0006-S5Q9,TH-ENV-0006-S5Q9,owner,,supercomputing-sw
updated,l10,L10 Test,TH-ENV-0006,MODEL_ARTIFACT_UNAVAILABLE,TH-ENV-0006-S5Q9,TH-ENV-0006-S5Q9,since,,harness 2026.226
updated,l10,L10 Test,TH-ENV-0006,MODEL_ARTIFACT_UNAVAILABLE,TH-ENV-0006-S5Q9,TH-ENV-0006-S5Q9,doc_url,,https://docs.google.com/document/d/1-_YC_cXvi3FtKd51jIetY9pER8JtCxH5dBE9UvndZWU/edit
updated,l10,L10 Test,TH-ENV-0006,MODEL_ARTIFACT_UNAVAILABLE,TH-ENV-0006-S5Q9,TH-ENV-0006-S5Q9,registry_status,sheet only,in registry
updated,l10,L10 Test,TH-ENV-0007,MODEL_STAGE_TO_SHM_FAILED,TH-ENV-0007-S4Q9,TH-ENV-0007-S4Q9,category,,9
updated,l10,L10 Test,TH-ENV-0007,MODEL_STAGE_TO_SHM_FAILED,TH-ENV-0007-S4Q9,TH-ENV-0007-S4Q9,component,Shared Memory,L10.ENV.SHM
updated,l10,L10 Test,TH-ENV-0007,MODEL_STAGE_TO_SHM_FAILED,TH-ENV-0007-S4Q9,TH-ENV-0007-S4Q9,disposition,,ERROR
updated,l10,L10 Test,TH-ENV-0007,MODEL_STAGE_TO_SHM_FAILED,TH-ENV-0007-S4Q9,TH-ENV-0007-S4Q9,retryable,,false
updated,l10,L10 Test,TH-ENV-0007,MODEL_STAGE_TO_SHM_FAILED,TH-ENV-0007-S4Q9,TH-ENV-0007-S4Q9,owner,,supercomputing-sw
updated,l10,L10 Test,TH-ENV-0007,MODEL_STAGE_TO_SHM_FAILED,TH-ENV-0007-S4Q9,TH-ENV-0007-S4Q9,since,,harness 2026.226
updated,l10,L10 Test,TH-ENV-0007,MODEL_STAGE_TO_SHM_FAILED,TH-ENV-0007-S4Q9,TH-ENV-0007-S4Q9,doc_url,,https://docs.google.com/document/d/1-_YC_cXvi3FtKd51jIetY9pER8JtCxH5dBE9UvndZWU/edit
updated,l10,L10 Test,TH-ENV-0007,MODEL_STAGE_TO_SHM_FAILED,TH-ENV-0007-S4Q9,TH-ENV-0007-S4Q9,registry_status,sheet only,in registry
updated,l10,L10 Test,TH-ENV-0008,MODEL_SHM_CLEANUP_FAILED,TH-ENV-0008-S4Q9,TH-ENV-0008-S4Q9,category,,9
updated,l10,L10 Test,TH-ENV-0008,MODEL_SHM_CLEANUP_FAILED,TH-ENV-0008-S4Q9,TH-ENV-0008-S4Q9,component,Shared Memory,L10.ENV.SHM
updated,l10,L10 Test,TH-ENV-0008,MODEL_SHM_CLEANUP_FAILED,TH-ENV-0008-S4Q9,TH-ENV-0008-S4Q9,disposition,,ERROR
updated,l10,L10 Test,TH-ENV-0008,MODEL_SHM_CLEANUP_FAILED,TH-ENV-0008-S4Q9,TH-ENV-0008-S4Q9,retryable,,false
updated,l10,L10 Test,TH-ENV-0008,MODEL_SHM_CLEANUP_FAILED,TH-ENV-0008-S4Q9,TH-ENV-0008-S4Q9,owner,,supercomputing-sw
updated,l10,L10 Test,TH-ENV-0008,MODEL_SHM_CLEANUP_FAILED,TH-ENV-0008-S4Q9,TH-ENV-0008-S4Q9,since,,harness 2026.226
updated,l10,L10 Test,TH-ENV-0008,MODEL_SHM_CLEANUP_FAILED,TH-ENV-0008-S4Q9,TH-ENV-0008-S4Q9,doc_url,,https://docs.google.com/document/d/1-_YC_cXvi3FtKd51jIetY9pER8JtCxH5dBE9UvndZWU/edit
updated,l10,L10 Test,TH-ENV-0008,MODEL_SHM_CLEANUP_FAILED,TH-ENV-0008-S4Q9,TH-ENV-0008-S4Q9,registry_status,sheet only,in registry
updated,l10,L10 Test,TH-FW-0001,SOHU_FIRMWARE_UPDATE_FAILED,TH-FW-0001-S2Q9,TH-FW-0001-S2Q9,component,FW,L10.FW.FIRMWARE
updated,l10,L10 Test,TH-FW-0001,SOHU_FIRMWARE_UPDATE_FAILED,TH-FW-0001-S2Q9,TH-FW-0001-S2Q9,since,harness 2026.216,harness 2026.226
updated,l10,L10 Test,TH-FW-0001,SOHU_FIRMWARE_UPDATE_FAILED,TH-FW-0001-S2Q9,TH-FW-0001-S2Q9,doc_url,https://github.com/etched-ai/sw/blob/master/host/system_test/error_codes/doc/SohuFirmwareUpdateTestCase.md#TH-FW-0001,https://docs.google.com/document/d/1-_YC_cXvi3FtKd51jIetY9pER8JtCxH5dBE9UvndZWU/edit
updated,l10,L10 Test,TH-FW-0005,FIXTURE_FIRMWARE_UPDATE_FAILED,TH-FW-0005-S5Q2,TH-FW-0005-S5Q2,component,FW,L10.FW.FIRMWARE
updated,l10,L10 Test,TH-FW-0005,FIXTURE_FIRMWARE_UPDATE_FAILED,TH-FW-0005-S5Q2,TH-FW-0005-S5Q2,since,harness 2026.217,harness 2026.226
updated,l10,L10 Test,TH-FW-0005,FIXTURE_FIRMWARE_UPDATE_FAILED,TH-FW-0005-S5Q2,TH-FW-0005-S5Q2,doc_url,https://github.com/etched-ai/sw/blob/master/host/system_test/error_codes/doc/VbbFirmwareUpdateTestCase.md#TH-FW-0005,https://docs.google.com/document/d/1-_YC_cXvi3FtKd51jIetY9pER8JtCxH5dBE9UvndZWU/edit
updated,l10,L10 Test,TH-FW-0010,EXPECTED_VERSION_CONFIG_UNAVAILABLE,TH-FW-0010-S5Q9,TH-FW-0010-S5Q9,category,,5
updated,l10,L10 Test,TH-FW-0010,EXPECTED_VERSION_CONFIG_UNAVAILABLE,TH-FW-0010-S5Q9,TH-FW-0010-S5Q9,component,Firmware,L10.FW.FIRMWARE
updated,l10,L10 Test,TH-FW-0010,EXPECTED_VERSION_CONFIG_UNAVAILABLE,TH-FW-0010-S5Q9,TH-FW-0010-S5Q9,disposition,,ERROR
updated,l10,L10 Test,TH-FW-0010,EXPECTED_VERSION_CONFIG_UNAVAILABLE,TH-FW-0010-S5Q9,TH-FW-0010-S5Q9,retryable,,false
updated,l10,L10 Test,TH-FW-0010,EXPECTED_VERSION_CONFIG_UNAVAILABLE,TH-FW-0010-S5Q9,TH-FW-0010-S5Q9,owner,,supercomputing-sw
updated,l10,L10 Test,TH-FW-0010,EXPECTED_VERSION_CONFIG_UNAVAILABLE,TH-FW-0010-S5Q9,TH-FW-0010-S5Q9,since,,harness 2026.226
updated,l10,L10 Test,TH-FW-0010,EXPECTED_VERSION_CONFIG_UNAVAILABLE,TH-FW-0010-S5Q9,TH-FW-0010-S5Q9,doc_url,,https://docs.google.com/document/d/1-_YC_cXvi3FtKd51jIetY9pER8JtCxH5dBE9UvndZWU/edit
updated,l10,L10 Test,TH-FW-0010,EXPECTED_VERSION_CONFIG_UNAVAILABLE,TH-FW-0010-S5Q9,TH-FW-0010-S5Q9,registry_status,sheet only,in registry
updated,l10,L10 Test,TH-FW-0011,HOST_OS_VERSION_QUERY_FAILED,TH-FW-0011-S4Q9,TH-FW-0011-S4Q9,category,,7
updated,l10,L10 Test,TH-FW-0011,HOST_OS_VERSION_QUERY_FAILED,TH-FW-0011-S4Q9,TH-FW-0011-S4Q9,component,Host OS,L10.FW.HOST_OS
updated,l10,L10 Test,TH-FW-0011,HOST_OS_VERSION_QUERY_FAILED,TH-FW-0011-S4Q9,TH-FW-0011-S4Q9,disposition,,ERROR
updated,l10,L10 Test,TH-FW-0011,HOST_OS_VERSION_QUERY_FAILED,TH-FW-0011-S4Q9,TH-FW-0011-S4Q9,retryable,,false
updated,l10,L10 Test,TH-FW-0011,HOST_OS_VERSION_QUERY_FAILED,TH-FW-0011-S4Q9,TH-FW-0011-S4Q9,owner,,supercomputing-sw
updated,l10,L10 Test,TH-FW-0011,HOST_OS_VERSION_QUERY_FAILED,TH-FW-0011-S4Q9,TH-FW-0011-S4Q9,since,,harness 2026.226
updated,l10,L10 Test,TH-FW-0011,HOST_OS_VERSION_QUERY_FAILED,TH-FW-0011-S4Q9,TH-FW-0011-S4Q9,doc_url,,https://docs.google.com/document/d/1-_YC_cXvi3FtKd51jIetY9pER8JtCxH5dBE9UvndZWU/edit
updated,l10,L10 Test,TH-FW-0011,HOST_OS_VERSION_QUERY_FAILED,TH-FW-0011-S4Q9,TH-FW-0011-S4Q9,registry_status,sheet only,in registry
updated,l10,L10 Test,TH-FW-0012,HOST_OS_VERSION_OUTPUT_INVALID,TH-FW-0012-S4Q9,TH-FW-0012-S4Q9,category,,7
updated,l10,L10 Test,TH-FW-0012,HOST_OS_VERSION_OUTPUT_INVALID,TH-FW-0012-S4Q9,TH-FW-0012-S4Q9,component,Host OS,L10.FW.HOST_OS
updated,l10,L10 Test,TH-FW-0012,HOST_OS_VERSION_OUTPUT_INVALID,TH-FW-0012-S4Q9,TH-FW-0012-S4Q9,disposition,,ERROR
updated,l10,L10 Test,TH-FW-0012,HOST_OS_VERSION_OUTPUT_INVALID,TH-FW-0012-S4Q9,TH-FW-0012-S4Q9,retryable,,false
updated,l10,L10 Test,TH-FW-0012,HOST_OS_VERSION_OUTPUT_INVALID,TH-FW-0012-S4Q9,TH-FW-0012-S4Q9,owner,,supercomputing-sw
updated,l10,L10 Test,TH-FW-0012,HOST_OS_VERSION_OUTPUT_INVALID,TH-FW-0012-S4Q9,TH-FW-0012-S4Q9,since,,harness 2026.226
updated,l10,L10 Test,TH-FW-0012,HOST_OS_VERSION_OUTPUT_INVALID,TH-FW-0012-S4Q9,TH-FW-0012-S4Q9,doc_url,,https://docs.google.com/document/d/1-_YC_cXvi3FtKd51jIetY9pER8JtCxH5dBE9UvndZWU/edit
updated,l10,L10 Test,TH-FW-0012,HOST_OS_VERSION_OUTPUT_INVALID,TH-FW-0012-S4Q9,TH-FW-0012-S4Q9,registry_status,sheet only,in registry
updated,l10,L10 Test,TH-FW-0013,HOST_OS_VERSION_MISMATCH,TH-FW-0013-S5Q9,TH-FW-0013-S5Q9,category,,5
updated,l10,L10 Test,TH-FW-0013,HOST_OS_VERSION_MISMATCH,TH-FW-0013-S5Q9,TH-FW-0013-S5Q9,component,Host OS,L10.FW.HOST_OS
updated,l10,L10 Test,TH-FW-0013,HOST_OS_VERSION_MISMATCH,TH-FW-0013-S5Q9,TH-FW-0013-S5Q9,disposition,,FAILED
updated,l10,L10 Test,TH-FW-0013,HOST_OS_VERSION_MISMATCH,TH-FW-0013-S5Q9,TH-FW-0013-S5Q9,retryable,,false
updated,l10,L10 Test,TH-FW-0013,HOST_OS_VERSION_MISMATCH,TH-FW-0013-S5Q9,TH-FW-0013-S5Q9,owner,,supercomputing-sw
updated,l10,L10 Test,TH-FW-0013,HOST_OS_VERSION_MISMATCH,TH-FW-0013-S5Q9,TH-FW-0013-S5Q9,since,,harness 2026.226
updated,l10,L10 Test,TH-FW-0013,HOST_OS_VERSION_MISMATCH,TH-FW-0013-S5Q9,TH-FW-0013-S5Q9,doc_url,,https://docs.google.com/document/d/1-_YC_cXvi3FtKd51jIetY9pER8JtCxH5dBE9UvndZWU/edit
updated,l10,L10 Test,TH-FW-0013,HOST_OS_VERSION_MISMATCH,TH-FW-0013-S5Q9,TH-FW-0013-S5Q9,registry_status,sheet only,in registry
updated,l10,L10 Test,TH-FW-0014,HOST_KERNEL_VERSION_QUERY_FAILED,TH-FW-0014-S4Q9,TH-FW-0014-S4Q9,category,,7
updated,l10,L10 Test,TH-FW-0014,HOST_KERNEL_VERSION_QUERY_FAILED,TH-FW-0014-S4Q9,TH-FW-0014-S4Q9,component,Host Kernel,L10.FW.HOST_KERNEL
updated,l10,L10 Test,TH-FW-0014,HOST_KERNEL_VERSION_QUERY_FAILED,TH-FW-0014-S4Q9,TH-FW-0014-S4Q9,disposition,,ERROR
updated,l10,L10 Test,TH-FW-0014,HOST_KERNEL_VERSION_QUERY_FAILED,TH-FW-0014-S4Q9,TH-FW-0014-S4Q9,retryable,,false
updated,l10,L10 Test,TH-FW-0014,HOST_KERNEL_VERSION_QUERY_FAILED,TH-FW-0014-S4Q9,TH-FW-0014-S4Q9,owner,,supercomputing-sw
updated,l10,L10 Test,TH-FW-0014,HOST_KERNEL_VERSION_QUERY_FAILED,TH-FW-0014-S4Q9,TH-FW-0014-S4Q9,since,,harness 2026.226
updated,l10,L10 Test,TH-FW-0014,HOST_KERNEL_VERSION_QUERY_FAILED,TH-FW-0014-S4Q9,TH-FW-0014-S4Q9,doc_url,,https://docs.google.com/document/d/1-_YC_cXvi3FtKd51jIetY9pER8JtCxH5dBE9UvndZWU/edit
updated,l10,L10 Test,TH-FW-0014,HOST_KERNEL_VERSION_QUERY_FAILED,TH-FW-0014-S4Q9,TH-FW-0014-S4Q9,registry_status,sheet only,in registry
updated,l10,L10 Test,TH-FW-0015,HOST_KERNEL_VERSION_OUTPUT_INVALID,TH-FW-0015-S4Q9,TH-FW-0015-S4Q9,category,,7
updated,l10,L10 Test,TH-FW-0015,HOST_KERNEL_VERSION_OUTPUT_INVALID,TH-FW-0015-S4Q9,TH-FW-0015-S4Q9,component,Host Kernel,L10.FW.HOST_KERNEL
updated,l10,L10 Test,TH-FW-0015,HOST_KERNEL_VERSION_OUTPUT_INVALID,TH-FW-0015-S4Q9,TH-FW-0015-S4Q9,disposition,,ERROR
updated,l10,L10 Test,TH-FW-0015,HOST_KERNEL_VERSION_OUTPUT_INVALID,TH-FW-0015-S4Q9,TH-FW-0015-S4Q9,retryable,,false
updated,l10,L10 Test,TH-FW-0015,HOST_KERNEL_VERSION_OUTPUT_INVALID,TH-FW-0015-S4Q9,TH-FW-0015-S4Q9,owner,,supercomputing-sw
updated,l10,L10 Test,TH-FW-0015,HOST_KERNEL_VERSION_OUTPUT_INVALID,TH-FW-0015-S4Q9,TH-FW-0015-S4Q9,since,,harness 2026.226
updated,l10,L10 Test,TH-FW-0015,HOST_KERNEL_VERSION_OUTPUT_INVALID,TH-FW-0015-S4Q9,TH-FW-0015-S4Q9,doc_url,,https://docs.google.com/document/d/1-_YC_cXvi3FtKd51jIetY9pER8JtCxH5dBE9UvndZWU/edit
updated,l10,L10 Test,TH-FW-0015,HOST_KERNEL_VERSION_OUTPUT_INVALID,TH-FW-0015-S4Q9,TH-FW-0015-S4Q9,registry_status,sheet only,in registry
updated,l10,L10 Test,TH-FW-0016,HOST_KERNEL_VERSION_MISMATCH,TH-FW-0016-S5Q9,TH-FW-0016-S5Q9,category,,5
updated,l10,L10 Test,TH-FW-0016,HOST_KERNEL_VERSION_MISMATCH,TH-FW-0016-S5Q9,TH-FW-0016-S5Q9,component,Host Kernel,L10.FW.HOST_KERNEL
updated,l10,L10 Test,TH-FW-0016,HOST_KERNEL_VERSION_MISMATCH,TH-FW-0016-S5Q9,TH-FW-0016-S5Q9,disposition,,FAILED
updated,l10,L10 Test,TH-FW-0016,HOST_KERNEL_VERSION_MISMATCH,TH-FW-0016-S5Q9,TH-FW-0016-S5Q9,retryable,,false
updated,l10,L10 Test,TH-FW-0016,HOST_KERNEL_VERSION_MISMATCH,TH-FW-0016-S5Q9,TH-FW-0016-S5Q9,owner,,supercomputing-sw
updated,l10,L10 Test,TH-FW-0016,HOST_KERNEL_VERSION_MISMATCH,TH-FW-0016-S5Q9,TH-FW-0016-S5Q9,since,,harness 2026.226
updated,l10,L10 Test,TH-FW-0016,HOST_KERNEL_VERSION_MISMATCH,TH-FW-0016-S5Q9,TH-FW-0016-S5Q9,doc_url,,https://docs.google.com/document/d/1-_YC_cXvi3FtKd51jIetY9pER8JtCxH5dBE9UvndZWU/edit
updated,l10,L10 Test,TH-FW-0016,HOST_KERNEL_VERSION_MISMATCH,TH-FW-0016-S5Q9,TH-FW-0016-S5Q9,registry_status,sheet only,in registry
updated,l10,L10 Test,TH-FW-0017,SOHU_FIRMWARE_VERSION_QUERY_FAILED,TH-FW-0017-S4Q9,TH-FW-0017-S4Q9,category,,7
updated,l10,L10 Test,TH-FW-0017,SOHU_FIRMWARE_VERSION_QUERY_FAILED,TH-FW-0017-S4Q9,TH-FW-0017-S4Q9,component,Sohu Firmware,L10.FW.SOHU
updated,l10,L10 Test,TH-FW-0017,SOHU_FIRMWARE_VERSION_QUERY_FAILED,TH-FW-0017-S4Q9,TH-FW-0017-S4Q9,disposition,,ERROR
updated,l10,L10 Test,TH-FW-0017,SOHU_FIRMWARE_VERSION_QUERY_FAILED,TH-FW-0017-S4Q9,TH-FW-0017-S4Q9,retryable,,false
updated,l10,L10 Test,TH-FW-0017,SOHU_FIRMWARE_VERSION_QUERY_FAILED,TH-FW-0017-S4Q9,TH-FW-0017-S4Q9,owner,,supercomputing-sw
updated,l10,L10 Test,TH-FW-0017,SOHU_FIRMWARE_VERSION_QUERY_FAILED,TH-FW-0017-S4Q9,TH-FW-0017-S4Q9,since,,harness 2026.226
updated,l10,L10 Test,TH-FW-0017,SOHU_FIRMWARE_VERSION_QUERY_FAILED,TH-FW-0017-S4Q9,TH-FW-0017-S4Q9,doc_url,,https://docs.google.com/document/d/1-_YC_cXvi3FtKd51jIetY9pER8JtCxH5dBE9UvndZWU/edit
updated,l10,L10 Test,TH-FW-0017,SOHU_FIRMWARE_VERSION_QUERY_FAILED,TH-FW-0017-S4Q9,TH-FW-0017-S4Q9,registry_status,sheet only,in registry
updated,l10,L10 Test,TH-FW-0018,SOHU_FIRMWARE_VERSION_MISMATCH,TH-FW-0018-S5Q9,TH-FW-0018-S5Q9,component,Sohu Firmware,L10.FW.SOHU
updated,l10,L10 Test,TH-FW-0018,SOHU_FIRMWARE_VERSION_MISMATCH,TH-FW-0018-S5Q9,TH-FW-0018-S5Q9,doc_url,,https://docs.google.com/document/d/1-_YC_cXvi3FtKd51jIetY9pER8JtCxH5dBE9UvndZWU/edit
updated,l10,L10 Test,TH-FW-0019,PSU_FIRMWARE_VERSION_QUERY_FAILED,TH-FW-0019-S4Q9,TH-FW-0019-S4Q9,category,,7
updated,l10,L10 Test,TH-FW-0019,PSU_FIRMWARE_VERSION_QUERY_FAILED,TH-FW-0019-S4Q9,TH-FW-0019-S4Q9,component,PSU Firmware,L10.FW.PSU
updated,l10,L10 Test,TH-FW-0019,PSU_FIRMWARE_VERSION_QUERY_FAILED,TH-FW-0019-S4Q9,TH-FW-0019-S4Q9,disposition,,ERROR
updated,l10,L10 Test,TH-FW-0019,PSU_FIRMWARE_VERSION_QUERY_FAILED,TH-FW-0019-S4Q9,TH-FW-0019-S4Q9,retryable,,false
updated,l10,L10 Test,TH-FW-0019,PSU_FIRMWARE_VERSION_QUERY_FAILED,TH-FW-0019-S4Q9,TH-FW-0019-S4Q9,owner,,supercomputing-sw
updated,l10,L10 Test,TH-FW-0019,PSU_FIRMWARE_VERSION_QUERY_FAILED,TH-FW-0019-S4Q9,TH-FW-0019-S4Q9,since,,harness 2026.226
updated,l10,L10 Test,TH-FW-0019,PSU_FIRMWARE_VERSION_QUERY_FAILED,TH-FW-0019-S4Q9,TH-FW-0019-S4Q9,doc_url,,https://docs.google.com/document/d/1-_YC_cXvi3FtKd51jIetY9pER8JtCxH5dBE9UvndZWU/edit
updated,l10,L10 Test,TH-FW-0019,PSU_FIRMWARE_VERSION_QUERY_FAILED,TH-FW-0019-S4Q9,TH-FW-0019-S4Q9,registry_status,sheet only,in registry
updated,l10,L10 Test,TH-FW-0020,PSU_FIRMWARE_VERSION_MISMATCH,TH-FW-0020-S5Q9,TH-FW-0020-S5Q9,category,,5
updated,l10,L10 Test,TH-FW-0020,PSU_FIRMWARE_VERSION_MISMATCH,TH-FW-0020-S5Q9,TH-FW-0020-S5Q9,component,PSU Firmware,L10.FW.PSU
updated,l10,L10 Test,TH-FW-0020,PSU_FIRMWARE_VERSION_MISMATCH,TH-FW-0020-S5Q9,TH-FW-0020-S5Q9,disposition,,FAILED
updated,l10,L10 Test,TH-FW-0020,PSU_FIRMWARE_VERSION_MISMATCH,TH-FW-0020-S5Q9,TH-FW-0020-S5Q9,retryable,,false
updated,l10,L10 Test,TH-FW-0020,PSU_FIRMWARE_VERSION_MISMATCH,TH-FW-0020-S5Q9,TH-FW-0020-S5Q9,owner,,supercomputing-sw
updated,l10,L10 Test,TH-FW-0020,PSU_FIRMWARE_VERSION_MISMATCH,TH-FW-0020-S5Q9,TH-FW-0020-S5Q9,since,,harness 2026.226
updated,l10,L10 Test,TH-FW-0020,PSU_FIRMWARE_VERSION_MISMATCH,TH-FW-0020-S5Q9,TH-FW-0020-S5Q9,doc_url,,https://docs.google.com/document/d/1-_YC_cXvi3FtKd51jIetY9pER8JtCxH5dBE9UvndZWU/edit
updated,l10,L10 Test,TH-FW-0020,PSU_FIRMWARE_VERSION_MISMATCH,TH-FW-0020-S5Q9,TH-FW-0020-S5Q9,registry_status,sheet only,in registry
updated,l10,L10 Test,TH-FW-0021,CPLD_BP_FIRMWARE_VERSION_QUERY_FAILED,TH-FW-0021-S4Q9,TH-FW-0021-S4Q9,category,,7
updated,l10,L10 Test,TH-FW-0021,CPLD_BP_FIRMWARE_VERSION_QUERY_FAILED,TH-FW-0021-S4Q9,TH-FW-0021-S4Q9,component,CPLD Firmware,L10.FW.CPLD
updated,l10,L10 Test,TH-FW-0021,CPLD_BP_FIRMWARE_VERSION_QUERY_FAILED,TH-FW-0021-S4Q9,TH-FW-0021-S4Q9,disposition,,ERROR
updated,l10,L10 Test,TH-FW-0021,CPLD_BP_FIRMWARE_VERSION_QUERY_FAILED,TH-FW-0021-S4Q9,TH-FW-0021-S4Q9,retryable,,false
updated,l10,L10 Test,TH-FW-0021,CPLD_BP_FIRMWARE_VERSION_QUERY_FAILED,TH-FW-0021-S4Q9,TH-FW-0021-S4Q9,owner,,supercomputing-sw
updated,l10,L10 Test,TH-FW-0021,CPLD_BP_FIRMWARE_VERSION_QUERY_FAILED,TH-FW-0021-S4Q9,TH-FW-0021-S4Q9,since,,harness 2026.226
updated,l10,L10 Test,TH-FW-0021,CPLD_BP_FIRMWARE_VERSION_QUERY_FAILED,TH-FW-0021-S4Q9,TH-FW-0021-S4Q9,doc_url,,https://docs.google.com/document/d/1-_YC_cXvi3FtKd51jIetY9pER8JtCxH5dBE9UvndZWU/edit
updated,l10,L10 Test,TH-FW-0021,CPLD_BP_FIRMWARE_VERSION_QUERY_FAILED,TH-FW-0021-S4Q9,TH-FW-0021-S4Q9,registry_status,sheet only,in registry
updated,l10,L10 Test,TH-FW-0022,CPLD_BP_FIRMWARE_VERSION_MISMATCH,TH-FW-0022-S5Q9,TH-FW-0022-S5Q9,category,,5
updated,l10,L10 Test,TH-FW-0022,CPLD_BP_FIRMWARE_VERSION_MISMATCH,TH-FW-0022-S5Q9,TH-FW-0022-S5Q9,component,CPLD Firmware,L10.FW.CPLD
updated,l10,L10 Test,TH-FW-0022,CPLD_BP_FIRMWARE_VERSION_MISMATCH,TH-FW-0022-S5Q9,TH-FW-0022-S5Q9,disposition,,FAILED
updated,l10,L10 Test,TH-FW-0022,CPLD_BP_FIRMWARE_VERSION_MISMATCH,TH-FW-0022-S5Q9,TH-FW-0022-S5Q9,retryable,,false
updated,l10,L10 Test,TH-FW-0022,CPLD_BP_FIRMWARE_VERSION_MISMATCH,TH-FW-0022-S5Q9,TH-FW-0022-S5Q9,owner,,supercomputing-sw
updated,l10,L10 Test,TH-FW-0022,CPLD_BP_FIRMWARE_VERSION_MISMATCH,TH-FW-0022-S5Q9,TH-FW-0022-S5Q9,since,,harness 2026.226
updated,l10,L10 Test,TH-FW-0022,CPLD_BP_FIRMWARE_VERSION_MISMATCH,TH-FW-0022-S5Q9,TH-FW-0022-S5Q9,doc_url,,https://docs.google.com/document/d/1-_YC_cXvi3FtKd51jIetY9pER8JtCxH5dBE9UvndZWU/edit
updated,l10,L10 Test,TH-FW-0022,CPLD_BP_FIRMWARE_VERSION_MISMATCH,TH-FW-0022-S5Q9,TH-FW-0022-S5Q9,registry_status,sheet only,in registry
updated,l10,L10 Test,TH-FW-0023,PSU_FIRMWARE_UPDATE_FAILED,TH-FW-0023-S4Q9,TH-FW-0023-S4Q9,category,,5
updated,l10,L10 Test,TH-FW-0023,PSU_FIRMWARE_UPDATE_FAILED,TH-FW-0023-S4Q9,TH-FW-0023-S4Q9,component,PSU Firmware,L10.FW.PSU
updated,l10,L10 Test,TH-FW-0023,PSU_FIRMWARE_UPDATE_FAILED,TH-FW-0023-S4Q9,TH-FW-0023-S4Q9,disposition,,FAILED
updated,l10,L10 Test,TH-FW-0023,PSU_FIRMWARE_UPDATE_FAILED,TH-FW-0023-S4Q9,TH-FW-0023-S4Q9,retryable,,false
updated,l10,L10 Test,TH-FW-0023,PSU_FIRMWARE_UPDATE_FAILED,TH-FW-0023-S4Q9,TH-FW-0023-S4Q9,owner,,supercomputing-sw
updated,l10,L10 Test,TH-FW-0023,PSU_FIRMWARE_UPDATE_FAILED,TH-FW-0023-S4Q9,TH-FW-0023-S4Q9,since,,harness 2026.226
updated,l10,L10 Test,TH-FW-0023,PSU_FIRMWARE_UPDATE_FAILED,TH-FW-0023-S4Q9,TH-FW-0023-S4Q9,doc_url,,https://docs.google.com/document/d/1-_YC_cXvi3FtKd51jIetY9pER8JtCxH5dBE9UvndZWU/edit
updated,l10,L10 Test,TH-FW-0023,PSU_FIRMWARE_UPDATE_FAILED,TH-FW-0023-S4Q9,TH-FW-0023-S4Q9,registry_status,sheet only,in registry
updated,l10,L10 Test,TH-FW-0024,PSU_POST_UPDATE_VERIFY_FAILED,TH-FW-0024-S4Q9,TH-FW-0024-S4Q9,category,,5
updated,l10,L10 Test,TH-FW-0024,PSU_POST_UPDATE_VERIFY_FAILED,TH-FW-0024-S4Q9,TH-FW-0024-S4Q9,component,PSU Firmware,L10.FW.PSU
updated,l10,L10 Test,TH-FW-0024,PSU_POST_UPDATE_VERIFY_FAILED,TH-FW-0024-S4Q9,TH-FW-0024-S4Q9,disposition,,FAILED
updated,l10,L10 Test,TH-FW-0024,PSU_POST_UPDATE_VERIFY_FAILED,TH-FW-0024-S4Q9,TH-FW-0024-S4Q9,retryable,,false
updated,l10,L10 Test,TH-FW-0024,PSU_POST_UPDATE_VERIFY_FAILED,TH-FW-0024-S4Q9,TH-FW-0024-S4Q9,owner,,supercomputing-sw
updated,l10,L10 Test,TH-FW-0024,PSU_POST_UPDATE_VERIFY_FAILED,TH-FW-0024-S4Q9,TH-FW-0024-S4Q9,since,,harness 2026.226
updated,l10,L10 Test,TH-FW-0024,PSU_POST_UPDATE_VERIFY_FAILED,TH-FW-0024-S4Q9,TH-FW-0024-S4Q9,doc_url,,https://docs.google.com/document/d/1-_YC_cXvi3FtKd51jIetY9pER8JtCxH5dBE9UvndZWU/edit
updated,l10,L10 Test,TH-FW-0024,PSU_POST_UPDATE_VERIFY_FAILED,TH-FW-0024-S4Q9,TH-FW-0024-S4Q9,registry_status,sheet only,in registry
updated,l10,L10 Test,TH-FW-0025,CPLD_FIRMWARE_UPDATE_FAILED,TH-FW-0025-S4Q9,TH-FW-0025-S4Q9,category,,5
updated,l10,L10 Test,TH-FW-0025,CPLD_FIRMWARE_UPDATE_FAILED,TH-FW-0025-S4Q9,TH-FW-0025-S4Q9,component,CPLD Firmware,L10.FW.CPLD
updated,l10,L10 Test,TH-FW-0025,CPLD_FIRMWARE_UPDATE_FAILED,TH-FW-0025-S4Q9,TH-FW-0025-S4Q9,disposition,,FAILED
updated,l10,L10 Test,TH-FW-0025,CPLD_FIRMWARE_UPDATE_FAILED,TH-FW-0025-S4Q9,TH-FW-0025-S4Q9,retryable,,false
updated,l10,L10 Test,TH-FW-0025,CPLD_FIRMWARE_UPDATE_FAILED,TH-FW-0025-S4Q9,TH-FW-0025-S4Q9,owner,,supercomputing-sw
updated,l10,L10 Test,TH-FW-0025,CPLD_FIRMWARE_UPDATE_FAILED,TH-FW-0025-S4Q9,TH-FW-0025-S4Q9,since,,harness 2026.226
updated,l10,L10 Test,TH-FW-0025,CPLD_FIRMWARE_UPDATE_FAILED,TH-FW-0025-S4Q9,TH-FW-0025-S4Q9,doc_url,,https://docs.google.com/document/d/1-_YC_cXvi3FtKd51jIetY9pER8JtCxH5dBE9UvndZWU/edit
updated,l10,L10 Test,TH-FW-0025,CPLD_FIRMWARE_UPDATE_FAILED,TH-FW-0025-S4Q9,TH-FW-0025-S4Q9,registry_status,sheet only,in registry
updated,l10,L10 Test,TH-FW-0026,CPLD_POST_UPDATE_VERIFY_FAILED,TH-FW-0026-S4Q9,TH-FW-0026-S4Q9,category,,5
updated,l10,L10 Test,TH-FW-0026,CPLD_POST_UPDATE_VERIFY_FAILED,TH-FW-0026-S4Q9,TH-FW-0026-S4Q9,component,CPLD Firmware,L10.FW.CPLD
updated,l10,L10 Test,TH-FW-0026,CPLD_POST_UPDATE_VERIFY_FAILED,TH-FW-0026-S4Q9,TH-FW-0026-S4Q9,disposition,,FAILED
updated,l10,L10 Test,TH-FW-0026,CPLD_POST_UPDATE_VERIFY_FAILED,TH-FW-0026-S4Q9,TH-FW-0026-S4Q9,retryable,,false
updated,l10,L10 Test,TH-FW-0026,CPLD_POST_UPDATE_VERIFY_FAILED,TH-FW-0026-S4Q9,TH-FW-0026-S4Q9,owner,,supercomputing-sw
updated,l10,L10 Test,TH-FW-0026,CPLD_POST_UPDATE_VERIFY_FAILED,TH-FW-0026-S4Q9,TH-FW-0026-S4Q9,since,,harness 2026.226
updated,l10,L10 Test,TH-FW-0026,CPLD_POST_UPDATE_VERIFY_FAILED,TH-FW-0026-S4Q9,TH-FW-0026-S4Q9,doc_url,,https://docs.google.com/document/d/1-_YC_cXvi3FtKd51jIetY9pER8JtCxH5dBE9UvndZWU/edit
updated,l10,L10 Test,TH-FW-0026,CPLD_POST_UPDATE_VERIFY_FAILED,TH-FW-0026-S4Q9,TH-FW-0026-S4Q9,registry_status,sheet only,in registry
updated,l10,L10 Test,TH-FW-0027,SOFTWARE_PROVISIONING_FAILED,TH-FW-0027-S4Q9,TH-FW-0027-S4Q9,category,,5
updated,l10,L10 Test,TH-FW-0027,SOFTWARE_PROVISIONING_FAILED,TH-FW-0027-S4Q9,TH-FW-0027-S4Q9,component,Host Software,L10.FW.HOST_SW
updated,l10,L10 Test,TH-FW-0027,SOFTWARE_PROVISIONING_FAILED,TH-FW-0027-S4Q9,TH-FW-0027-S4Q9,disposition,,FAILED
updated,l10,L10 Test,TH-FW-0027,SOFTWARE_PROVISIONING_FAILED,TH-FW-0027-S4Q9,TH-FW-0027-S4Q9,retryable,,false
updated,l10,L10 Test,TH-FW-0027,SOFTWARE_PROVISIONING_FAILED,TH-FW-0027-S4Q9,TH-FW-0027-S4Q9,owner,,supercomputing-sw
updated,l10,L10 Test,TH-FW-0027,SOFTWARE_PROVISIONING_FAILED,TH-FW-0027-S4Q9,TH-FW-0027-S4Q9,since,,harness 2026.226
updated,l10,L10 Test,TH-FW-0027,SOFTWARE_PROVISIONING_FAILED,TH-FW-0027-S4Q9,TH-FW-0027-S4Q9,doc_url,,https://docs.google.com/document/d/1-_YC_cXvi3FtKd51jIetY9pER8JtCxH5dBE9UvndZWU/edit
updated,l10,L10 Test,TH-FW-0027,SOFTWARE_PROVISIONING_FAILED,TH-FW-0027-S4Q9,TH-FW-0027-S4Q9,registry_status,sheet only,in registry
updated,l10,L10 Test,TH-FW-0028,LINUX_PACKAGE_INSTALL_FAILED,TH-FW-0028-S4Q9,TH-FW-0028-S4Q9,category,,7
updated,l10,L10 Test,TH-FW-0028,LINUX_PACKAGE_INSTALL_FAILED,TH-FW-0028-S4Q9,TH-FW-0028-S4Q9,component,Host Software,L10.FW.HOST_SW
updated,l10,L10 Test,TH-FW-0028,LINUX_PACKAGE_INSTALL_FAILED,TH-FW-0028-S4Q9,TH-FW-0028-S4Q9,disposition,,FAILED
updated,l10,L10 Test,TH-FW-0028,LINUX_PACKAGE_INSTALL_FAILED,TH-FW-0028-S4Q9,TH-FW-0028-S4Q9,retryable,,false
updated,l10,L10 Test,TH-FW-0028,LINUX_PACKAGE_INSTALL_FAILED,TH-FW-0028-S4Q9,TH-FW-0028-S4Q9,owner,,supercomputing-sw
updated,l10,L10 Test,TH-FW-0028,LINUX_PACKAGE_INSTALL_FAILED,TH-FW-0028-S4Q9,TH-FW-0028-S4Q9,since,,harness 2026.226
updated,l10,L10 Test,TH-FW-0028,LINUX_PACKAGE_INSTALL_FAILED,TH-FW-0028-S4Q9,TH-FW-0028-S4Q9,doc_url,,https://docs.google.com/document/d/1-_YC_cXvi3FtKd51jIetY9pER8JtCxH5dBE9UvndZWU/edit
updated,l10,L10 Test,TH-FW-0028,LINUX_PACKAGE_INSTALL_FAILED,TH-FW-0028-S4Q9,TH-FW-0028-S4Q9,registry_status,sheet only,in registry
updated,l10,L10 Test,TH-FW-0029,SOHU_BOOTLOADER_UPDATE_FAILED,TH-FW-0029-S4Q9,TH-FW-0029-S4Q9,category,,5
updated,l10,L10 Test,TH-FW-0029,SOHU_BOOTLOADER_UPDATE_FAILED,TH-FW-0029-S4Q9,TH-FW-0029-S4Q9,component,Sohu Bootloader,L10.FW.SOHU_BOOTLOADER
updated,l10,L10 Test,TH-FW-0029,SOHU_BOOTLOADER_UPDATE_FAILED,TH-FW-0029-S4Q9,TH-FW-0029-S4Q9,disposition,,FAILED
updated,l10,L10 Test,TH-FW-0029,SOHU_BOOTLOADER_UPDATE_FAILED,TH-FW-0029-S4Q9,TH-FW-0029-S4Q9,retryable,,false
updated,l10,L10 Test,TH-FW-0029,SOHU_BOOTLOADER_UPDATE_FAILED,TH-FW-0029-S4Q9,TH-FW-0029-S4Q9,owner,,supercomputing-sw
updated,l10,L10 Test,TH-FW-0029,SOHU_BOOTLOADER_UPDATE_FAILED,TH-FW-0029-S4Q9,TH-FW-0029-S4Q9,since,,harness 2026.226
updated,l10,L10 Test,TH-FW-0029,SOHU_BOOTLOADER_UPDATE_FAILED,TH-FW-0029-S4Q9,TH-FW-0029-S4Q9,doc_url,,https://docs.google.com/document/d/1-_YC_cXvi3FtKd51jIetY9pER8JtCxH5dBE9UvndZWU/edit
updated,l10,L10 Test,TH-FW-0029,SOHU_BOOTLOADER_UPDATE_FAILED,TH-FW-0029-S4Q9,TH-FW-0029-S4Q9,registry_status,sheet only,in registry
updated,l10,L10 Test,TH-FW-0030,SOHU_BOOTLOADER_POST_UPDATE_VERIFY_FAILED,TH-FW-0030-S4Q9,TH-FW-0030-S4Q9,category,,5
updated,l10,L10 Test,TH-FW-0030,SOHU_BOOTLOADER_POST_UPDATE_VERIFY_FAILED,TH-FW-0030-S4Q9,TH-FW-0030-S4Q9,component,Sohu Bootloader,L10.FW.SOHU_BOOTLOADER
updated,l10,L10 Test,TH-FW-0030,SOHU_BOOTLOADER_POST_UPDATE_VERIFY_FAILED,TH-FW-0030-S4Q9,TH-FW-0030-S4Q9,disposition,,FAILED
updated,l10,L10 Test,TH-FW-0030,SOHU_BOOTLOADER_POST_UPDATE_VERIFY_FAILED,TH-FW-0030-S4Q9,TH-FW-0030-S4Q9,retryable,,false
updated,l10,L10 Test,TH-FW-0030,SOHU_BOOTLOADER_POST_UPDATE_VERIFY_FAILED,TH-FW-0030-S4Q9,TH-FW-0030-S4Q9,owner,,supercomputing-sw
updated,l10,L10 Test,TH-FW-0030,SOHU_BOOTLOADER_POST_UPDATE_VERIFY_FAILED,TH-FW-0030-S4Q9,TH-FW-0030-S4Q9,since,,harness 2026.226
updated,l10,L10 Test,TH-FW-0030,SOHU_BOOTLOADER_POST_UPDATE_VERIFY_FAILED,TH-FW-0030-S4Q9,TH-FW-0030-S4Q9,doc_url,,https://docs.google.com/document/d/1-_YC_cXvi3FtKd51jIetY9pER8JtCxH5dBE9UvndZWU/edit
updated,l10,L10 Test,TH-FW-0030,SOHU_BOOTLOADER_POST_UPDATE_VERIFY_FAILED,TH-FW-0030-S4Q9,TH-FW-0030-S4Q9,registry_status,sheet only,in registry
updated,l10,L10 Test,TH-FW-0031,HOST_SYSTEM_LOG_CRITICAL_EVENT_DETECTED,TH-FW-0031-S4Q9,TH-FW-0031-S4Q9,category,,7
updated,l10,L10 Test,TH-FW-0031,HOST_SYSTEM_LOG_CRITICAL_EVENT_DETECTED,TH-FW-0031-S4Q9,TH-FW-0031-S4Q9,component,Host Software,L10.FW.HOST_SW
updated,l10,L10 Test,TH-FW-0031,HOST_SYSTEM_LOG_CRITICAL_EVENT_DETECTED,TH-FW-0031-S4Q9,TH-FW-0031-S4Q9,disposition,,FAILED
updated,l10,L10 Test,TH-FW-0031,HOST_SYSTEM_LOG_CRITICAL_EVENT_DETECTED,TH-FW-0031-S4Q9,TH-FW-0031-S4Q9,retryable,,false
updated,l10,L10 Test,TH-FW-0031,HOST_SYSTEM_LOG_CRITICAL_EVENT_DETECTED,TH-FW-0031-S4Q9,TH-FW-0031-S4Q9,owner,,supercomputing-sw
updated,l10,L10 Test,TH-FW-0031,HOST_SYSTEM_LOG_CRITICAL_EVENT_DETECTED,TH-FW-0031-S4Q9,TH-FW-0031-S4Q9,since,,harness 2026.226
updated,l10,L10 Test,TH-FW-0031,HOST_SYSTEM_LOG_CRITICAL_EVENT_DETECTED,TH-FW-0031-S4Q9,TH-FW-0031-S4Q9,doc_url,,https://docs.google.com/document/d/1-_YC_cXvi3FtKd51jIetY9pER8JtCxH5dBE9UvndZWU/edit
updated,l10,L10 Test,TH-FW-0031,HOST_SYSTEM_LOG_CRITICAL_EVENT_DETECTED,TH-FW-0031-S4Q9,TH-FW-0031-S4Q9,registry_status,sheet only,in registry
updated,l10,L10 Test,TH-HAR-0001,TEST_TIMEOUT,TH-HAR-0001-S4Q0,TH-HAR-0001-S4Q0,component,Harness,L10.HAR.HARNESS
updated,l10,L10 Test,TH-HAR-0001,TEST_TIMEOUT,TH-HAR-0001-S4Q0,TH-HAR-0001-S4Q0,test_cases,any L10 test case (harness-level),
updated,l10,L10 Test,TH-HAR-0001,TEST_TIMEOUT,TH-HAR-0001-S4Q0,TH-HAR-0001-S4Q0,since,harness 2026.216,harness 2026.226
updated,l10,L10 Test,TH-HAR-0001,TEST_TIMEOUT,TH-HAR-0001-S4Q0,TH-HAR-0001-S4Q0,doc_url,https://github.com/etched-ai/sw/blob/master/host/system_test/error_codes/doc/Harness.md#TH-HAR-0001,https://docs.google.com/document/d/1-_YC_cXvi3FtKd51jIetY9pER8JtCxH5dBE9UvndZWU/edit
updated,l10,L10 Test,TH-HAR-0002,TEST_ARGS_INVALID,TH-HAR-0002-S5Q9,TH-HAR-0002-S5Q9,component,Harness,L10.HAR.HARNESS
updated,l10,L10 Test,TH-HAR-0002,TEST_ARGS_INVALID,TH-HAR-0002-S5Q9,TH-HAR-0002-S5Q9,since,harness 2026.216,harness 2026.226
updated,l10,L10 Test,TH-HAR-0002,TEST_ARGS_INVALID,TH-HAR-0002-S5Q9,TH-HAR-0002-S5Q9,doc_url,https://github.com/etched-ai/sw/blob/master/host/system_test/error_codes/doc/SohuSecureBootRecoveryUpdateTestCase.md#TH-HAR-0002,https://docs.google.com/document/d/1-_YC_cXvi3FtKd51jIetY9pER8JtCxH5dBE9UvndZWU/edit
updated,l10,L10 Test,TH-HAR-0003,TEST_DEPENDENCY_UNAVAILABLE,TH-HAR-0003-S5Q9,TH-HAR-0003-S5Q9,component,Harness,L10.HAR.HARNESS
updated,l10,L10 Test,TH-HAR-0003,TEST_DEPENDENCY_UNAVAILABLE,TH-HAR-0003-S5Q9,TH-HAR-0003-S5Q9,since,harness 2026.216,harness 2026.226
updated,l10,L10 Test,TH-HAR-0003,TEST_DEPENDENCY_UNAVAILABLE,TH-HAR-0003-S5Q9,TH-HAR-0003-S5Q9,doc_url,https://github.com/etched-ai/sw/blob/master/host/system_test/error_codes/doc/SohuSecureBootRecoveryUpdateTestCase.md#TH-HAR-0003,https://docs.google.com/document/d/1-_YC_cXvi3FtKd51jIetY9pER8JtCxH5dBE9UvndZWU/edit
updated,l10,L10 Test,TH-HAR-0004,NESTED_SUITE_ORCHESTRATION_FAILED,TH-HAR-0004-S4Q9,TH-HAR-0004-S4Q9,component,Harness,L10.HAR.HARNESS
updated,l10,L10 Test,TH-HAR-0004,NESTED_SUITE_ORCHESTRATION_FAILED,TH-HAR-0004-S4Q9,TH-HAR-0004-S4Q9,since,harness 2026.216,harness 2026.226
updated,l10,L10 Test,TH-HAR-0004,NESTED_SUITE_ORCHESTRATION_FAILED,TH-HAR-0004-S4Q9,TH-HAR-0004-S4Q9,doc_url,https://github.com/etched-ai/sw/blob/master/host/system_test/error_codes/doc/ServerNestedTestCase.md#TH-HAR-0004,https://docs.google.com/document/d/1-_YC_cXvi3FtKd51jIetY9pER8JtCxH5dBE9UvndZWU/edit
updated,l10,L10 Test,TH-HAR-0005,TEST_TOOL_EXECUTION_FAILED,TH-HAR-0005-S4Q6,TH-HAR-0005-S4Q6,category,,7
updated,l10,L10 Test,TH-HAR-0005,TEST_TOOL_EXECUTION_FAILED,TH-HAR-0005-S4Q6,TH-HAR-0005-S4Q6,component,Harness,L10.HAR.HARNESS
updated,l10,L10 Test,TH-HAR-0005,TEST_TOOL_EXECUTION_FAILED,TH-HAR-0005-S4Q6,TH-HAR-0005-S4Q6,disposition,,ERROR
updated,l10,L10 Test,TH-HAR-0005,TEST_TOOL_EXECUTION_FAILED,TH-HAR-0005-S4Q6,TH-HAR-0005-S4Q6,retryable,,true
updated,l10,L10 Test,TH-HAR-0005,TEST_TOOL_EXECUTION_FAILED,TH-HAR-0005-S4Q6,TH-HAR-0005-S4Q6,owner,,supercomputing-sw
updated,l10,L10 Test,TH-HAR-0005,TEST_TOOL_EXECUTION_FAILED,TH-HAR-0005-S4Q6,TH-HAR-0005-S4Q6,since,,harness 2026.226
updated,l10,L10 Test,TH-HAR-0005,TEST_TOOL_EXECUTION_FAILED,TH-HAR-0005-S4Q6,TH-HAR-0005-S4Q6,doc_url,,https://docs.google.com/document/d/1-_YC_cXvi3FtKd51jIetY9pER8JtCxH5dBE9UvndZWU/edit
updated,l10,L10 Test,TH-HAR-0005,TEST_TOOL_EXECUTION_FAILED,TH-HAR-0005-S4Q6,TH-HAR-0005-S4Q6,registry_status,sheet only,in registry
updated,l10,L10 Test,TH-HAR-0006,TEST_METRICS_PARSE_FAILED,TH-HAR-0006-S4Q9,TH-HAR-0006-S4Q9,category,,7
updated,l10,L10 Test,TH-HAR-0006,TEST_METRICS_PARSE_FAILED,TH-HAR-0006-S4Q9,TH-HAR-0006-S4Q9,component,Harness,L10.HAR.HARNESS
updated,l10,L10 Test,TH-HAR-0006,TEST_METRICS_PARSE_FAILED,TH-HAR-0006-S4Q9,TH-HAR-0006-S4Q9,disposition,,ERROR
updated,l10,L10 Test,TH-HAR-0006,TEST_METRICS_PARSE_FAILED,TH-HAR-0006-S4Q9,TH-HAR-0006-S4Q9,retryable,,false
updated,l10,L10 Test,TH-HAR-0006,TEST_METRICS_PARSE_FAILED,TH-HAR-0006-S4Q9,TH-HAR-0006-S4Q9,owner,,supercomputing-sw
updated,l10,L10 Test,TH-HAR-0006,TEST_METRICS_PARSE_FAILED,TH-HAR-0006-S4Q9,TH-HAR-0006-S4Q9,since,,harness 2026.226
updated,l10,L10 Test,TH-HAR-0006,TEST_METRICS_PARSE_FAILED,TH-HAR-0006-S4Q9,TH-HAR-0006-S4Q9,doc_url,,https://docs.google.com/document/d/1-_YC_cXvi3FtKd51jIetY9pER8JtCxH5dBE9UvndZWU/edit
updated,l10,L10 Test,TH-HAR-0006,TEST_METRICS_PARSE_FAILED,TH-HAR-0006-S4Q9,TH-HAR-0006-S4Q9,registry_status,sheet only,in registry
updated,l10,L10 Test,TH-HAR-0007,TEST_OUTPUT_UNAVAILABLE,TH-HAR-0007-S4Q9,TH-HAR-0007-S4Q9,category,,7
updated,l10,L10 Test,TH-HAR-0007,TEST_OUTPUT_UNAVAILABLE,TH-HAR-0007-S4Q9,TH-HAR-0007-S4Q9,component,Harness,L10.HAR.HARNESS
updated,l10,L10 Test,TH-HAR-0007,TEST_OUTPUT_UNAVAILABLE,TH-HAR-0007-S4Q9,TH-HAR-0007-S4Q9,disposition,,ERROR
updated,l10,L10 Test,TH-HAR-0007,TEST_OUTPUT_UNAVAILABLE,TH-HAR-0007-S4Q9,TH-HAR-0007-S4Q9,retryable,,false
updated,l10,L10 Test,TH-HAR-0007,TEST_OUTPUT_UNAVAILABLE,TH-HAR-0007-S4Q9,TH-HAR-0007-S4Q9,owner,,supercomputing-sw
updated,l10,L10 Test,TH-HAR-0007,TEST_OUTPUT_UNAVAILABLE,TH-HAR-0007-S4Q9,TH-HAR-0007-S4Q9,since,,harness 2026.226
updated,l10,L10 Test,TH-HAR-0007,TEST_OUTPUT_UNAVAILABLE,TH-HAR-0007-S4Q9,TH-HAR-0007-S4Q9,doc_url,,https://docs.google.com/document/d/1-_YC_cXvi3FtKd51jIetY9pER8JtCxH5dBE9UvndZWU/edit
updated,l10,L10 Test,TH-HAR-0007,TEST_OUTPUT_UNAVAILABLE,TH-HAR-0007-S4Q9,TH-HAR-0007-S4Q9,registry_status,sheet only,in registry
updated,l10,L10 Test,TH-HAR-0008,TEST_PRECONDITION_NOT_MET,TH-HAR-0008-S5Q9,TH-HAR-0008-S5Q9,category,,5
updated,l10,L10 Test,TH-HAR-0008,TEST_PRECONDITION_NOT_MET,TH-HAR-0008-S5Q9,TH-HAR-0008-S5Q9,component,Harness,L10.HAR.HARNESS
updated,l10,L10 Test,TH-HAR-0008,TEST_PRECONDITION_NOT_MET,TH-HAR-0008-S5Q9,TH-HAR-0008-S5Q9,disposition,,ERROR
updated,l10,L10 Test,TH-HAR-0008,TEST_PRECONDITION_NOT_MET,TH-HAR-0008-S5Q9,TH-HAR-0008-S5Q9,retryable,,false
updated,l10,L10 Test,TH-HAR-0008,TEST_PRECONDITION_NOT_MET,TH-HAR-0008-S5Q9,TH-HAR-0008-S5Q9,owner,,supercomputing-sw
updated,l10,L10 Test,TH-HAR-0008,TEST_PRECONDITION_NOT_MET,TH-HAR-0008-S5Q9,TH-HAR-0008-S5Q9,since,,harness 2026.226
updated,l10,L10 Test,TH-HAR-0008,TEST_PRECONDITION_NOT_MET,TH-HAR-0008-S5Q9,TH-HAR-0008-S5Q9,doc_url,,https://docs.google.com/document/d/1-_YC_cXvi3FtKd51jIetY9pER8JtCxH5dBE9UvndZWU/edit
updated,l10,L10 Test,TH-HAR-0008,TEST_PRECONDITION_NOT_MET,TH-HAR-0008-S5Q9,TH-HAR-0008-S5Q9,registry_status,sheet only,in registry
updated,l10,L10 Test,TH-HAR-0009,TEST_CLEANUP_FAILED,TH-HAR-0009-S4Q9,TH-HAR-0009-S4Q9,category,,7
updated,l10,L10 Test,TH-HAR-0009,TEST_CLEANUP_FAILED,TH-HAR-0009-S4Q9,TH-HAR-0009-S4Q9,component,Harness,L10.HAR.HARNESS
updated,l10,L10 Test,TH-HAR-0009,TEST_CLEANUP_FAILED,TH-HAR-0009-S4Q9,TH-HAR-0009-S4Q9,test_cases,"LoopbackTopologyTest, NetworkBwRdmaTest, FreeModelRegistryFromShmTestCase","LoopbackTopologyTest, NetworkBwRdmaTest, FreeModelRegistryFromShmTestCase, FreeWeightsTestCase"
updated,l10,L10 Test,TH-HAR-0009,TEST_CLEANUP_FAILED,TH-HAR-0009-S4Q9,TH-HAR-0009-S4Q9,disposition,,ERROR
updated,l10,L10 Test,TH-HAR-0009,TEST_CLEANUP_FAILED,TH-HAR-0009-S4Q9,TH-HAR-0009-S4Q9,retryable,,false
updated,l10,L10 Test,TH-HAR-0009,TEST_CLEANUP_FAILED,TH-HAR-0009-S4Q9,TH-HAR-0009-S4Q9,owner,,supercomputing-sw
updated,l10,L10 Test,TH-HAR-0009,TEST_CLEANUP_FAILED,TH-HAR-0009-S4Q9,TH-HAR-0009-S4Q9,since,,harness 2026.226
updated,l10,L10 Test,TH-HAR-0009,TEST_CLEANUP_FAILED,TH-HAR-0009-S4Q9,TH-HAR-0009-S4Q9,doc_url,,https://docs.google.com/document/d/1-_YC_cXvi3FtKd51jIetY9pER8JtCxH5dBE9UvndZWU/edit
updated,l10,L10 Test,TH-HAR-0009,TEST_CLEANUP_FAILED,TH-HAR-0009-S4Q9,TH-HAR-0009-S4Q9,registry_status,sheet only,in registry
updated,l10,L10 Test,TH-HAR-0010,SYSTEM_LOG_SNAPSHOT_FAILED,TH-HAR-0010-S4Q9,TH-HAR-0010-S4Q9,category,,7
updated,l10,L10 Test,TH-HAR-0010,SYSTEM_LOG_SNAPSHOT_FAILED,TH-HAR-0010-S4Q9,TH-HAR-0010-S4Q9,component,Harness,L10.HAR.HARNESS
updated,l10,L10 Test,TH-HAR-0010,SYSTEM_LOG_SNAPSHOT_FAILED,TH-HAR-0010-S4Q9,TH-HAR-0010-S4Q9,disposition,,ERROR
updated,l10,L10 Test,TH-HAR-0010,SYSTEM_LOG_SNAPSHOT_FAILED,TH-HAR-0010-S4Q9,TH-HAR-0010-S4Q9,retryable,,false
updated,l10,L10 Test,TH-HAR-0010,SYSTEM_LOG_SNAPSHOT_FAILED,TH-HAR-0010-S4Q9,TH-HAR-0010-S4Q9,owner,,supercomputing-sw
updated,l10,L10 Test,TH-HAR-0010,SYSTEM_LOG_SNAPSHOT_FAILED,TH-HAR-0010-S4Q9,TH-HAR-0010-S4Q9,since,,harness 2026.226
updated,l10,L10 Test,TH-HAR-0010,SYSTEM_LOG_SNAPSHOT_FAILED,TH-HAR-0010-S4Q9,TH-HAR-0010-S4Q9,doc_url,,https://docs.google.com/document/d/1-_YC_cXvi3FtKd51jIetY9pER8JtCxH5dBE9UvndZWU/edit
updated,l10,L10 Test,TH-HAR-0010,SYSTEM_LOG_SNAPSHOT_FAILED,TH-HAR-0010-S4Q9,TH-HAR-0010-S4Q9,registry_status,sheet only,in registry
updated,l10,L10 Test,TH-HAR-0011,SYSTEM_LOG_COMPARE_FAILED,TH-HAR-0011-S4Q9,TH-HAR-0011-S4Q9,category,,7
updated,l10,L10 Test,TH-HAR-0011,SYSTEM_LOG_COMPARE_FAILED,TH-HAR-0011-S4Q9,TH-HAR-0011-S4Q9,component,Harness,L10.HAR.HARNESS
updated,l10,L10 Test,TH-HAR-0011,SYSTEM_LOG_COMPARE_FAILED,TH-HAR-0011-S4Q9,TH-HAR-0011-S4Q9,disposition,,ERROR
updated,l10,L10 Test,TH-HAR-0011,SYSTEM_LOG_COMPARE_FAILED,TH-HAR-0011-S4Q9,TH-HAR-0011-S4Q9,retryable,,false
updated,l10,L10 Test,TH-HAR-0011,SYSTEM_LOG_COMPARE_FAILED,TH-HAR-0011-S4Q9,TH-HAR-0011-S4Q9,owner,,supercomputing-sw
updated,l10,L10 Test,TH-HAR-0011,SYSTEM_LOG_COMPARE_FAILED,TH-HAR-0011-S4Q9,TH-HAR-0011-S4Q9,since,,harness 2026.226
updated,l10,L10 Test,TH-HAR-0011,SYSTEM_LOG_COMPARE_FAILED,TH-HAR-0011-S4Q9,TH-HAR-0011-S4Q9,doc_url,,https://docs.google.com/document/d/1-_YC_cXvi3FtKd51jIetY9pER8JtCxH5dBE9UvndZWU/edit
updated,l10,L10 Test,TH-HAR-0011,SYSTEM_LOG_COMPARE_FAILED,TH-HAR-0011-S4Q9,TH-HAR-0011-S4Q9,registry_status,sheet only,in registry
updated,l10,L10 Test,TH-HAR-9998,TEST_FAILED_UNCLASSIFIED,TH-HAR-9998-S3Q0,TH-HAR-9998-S3Q0,component,Harness,L10.HAR.HARNESS
updated,l10,L10 Test,TH-HAR-9998,TEST_FAILED_UNCLASSIFIED,TH-HAR-9998-S3Q0,TH-HAR-9998-S3Q0,test_cases,any L10 test case (harness-level),
updated,l10,L10 Test,TH-HAR-9998,TEST_FAILED_UNCLASSIFIED,TH-HAR-9998-S3Q0,TH-HAR-9998-S3Q0,since,harness 2026.216,harness 2026.226
updated,l10,L10 Test,TH-HAR-9998,TEST_FAILED_UNCLASSIFIED,TH-HAR-9998-S3Q0,TH-HAR-9998-S3Q0,doc_url,https://github.com/etched-ai/sw/blob/master/host/system_test/error_codes/doc/Harness.md#TH-HAR-9998,https://docs.google.com/document/d/1-_YC_cXvi3FtKd51jIetY9pER8JtCxH5dBE9UvndZWU/edit
updated,l10,L10 Test,TH-HAR-9999,UNHANDLED_EXCEPTION,TH-HAR-9999-S3Q9,TH-HAR-9999-S3Q9,component,Harness,L10.HAR.HARNESS
updated,l10,L10 Test,TH-HAR-9999,UNHANDLED_EXCEPTION,TH-HAR-9999-S3Q9,TH-HAR-9999-S3Q9,test_cases,any L10 test case (harness-level),
updated,l10,L10 Test,TH-HAR-9999,UNHANDLED_EXCEPTION,TH-HAR-9999-S3Q9,TH-HAR-9999-S3Q9,since,harness 2026.216,harness 2026.226
updated,l10,L10 Test,TH-HAR-9999,UNHANDLED_EXCEPTION,TH-HAR-9999-S3Q9,TH-HAR-9999-S3Q9,doc_url,https://github.com/etched-ai/sw/blob/master/host/system_test/error_codes/doc/Harness.md#TH-HAR-9999,https://docs.google.com/document/d/1-_YC_cXvi3FtKd51jIetY9pER8JtCxH5dBE9UvndZWU/edit
updated,l10,L10 Test,TH-HBM-0006,HBM_LANE_REPAIR_FAILED,TH-HBM-0006-S2Q9,TH-HBM-0006-S2Q9,component,HBM,L10.HBM.HBM
updated,l10,L10 Test,TH-HBM-0006,HBM_LANE_REPAIR_FAILED,TH-HBM-0006-S2Q9,TH-HBM-0006-S2Q9,since,harness 2026.216,harness 2026.226
updated,l10,L10 Test,TH-HBM-0006,HBM_LANE_REPAIR_FAILED,TH-HBM-0006-S2Q9,TH-HBM-0006-S2Q9,doc_url,https://github.com/etched-ai/sw/blob/master/host/system_test/error_codes/doc/SohuLaneRepairTestCase.md#TH-HBM-0006,https://docs.google.com/document/d/1-_YC_cXvi3FtKd51jIetY9pER8JtCxH5dBE9UvndZWU/edit
updated,l10,L10 Test,TH-INFRA-0001,RACKSIM_UNAVAILABLE,TH-INFRA-0001-S4Q9,TH-INFRA-0001-S4Q9,category,,9
updated,l10,L10 Test,TH-INFRA-0001,RACKSIM_UNAVAILABLE,TH-INFRA-0001-S4Q9,TH-INFRA-0001-S4Q9,component,Test Infrastructure,L10.INFRA.STATION
updated,l10,L10 Test,TH-INFRA-0001,RACKSIM_UNAVAILABLE,TH-INFRA-0001-S4Q9,TH-INFRA-0001-S4Q9,disposition,,ERROR
updated,l10,L10 Test,TH-INFRA-0001,RACKSIM_UNAVAILABLE,TH-INFRA-0001-S4Q9,TH-INFRA-0001-S4Q9,retryable,,false
updated,l10,L10 Test,TH-INFRA-0001,RACKSIM_UNAVAILABLE,TH-INFRA-0001-S4Q9,TH-INFRA-0001-S4Q9,owner,,supercomputing-sw
updated,l10,L10 Test,TH-INFRA-0001,RACKSIM_UNAVAILABLE,TH-INFRA-0001-S4Q9,TH-INFRA-0001-S4Q9,since,,harness 2026.226
updated,l10,L10 Test,TH-INFRA-0001,RACKSIM_UNAVAILABLE,TH-INFRA-0001-S4Q9,TH-INFRA-0001-S4Q9,doc_url,,https://docs.google.com/document/d/1-_YC_cXvi3FtKd51jIetY9pER8JtCxH5dBE9UvndZWU/edit
updated,l10,L10 Test,TH-INFRA-0001,RACKSIM_UNAVAILABLE,TH-INFRA-0001-S4Q9,TH-INFRA-0001-S4Q9,registry_status,sheet only,in registry
updated,l10,L10 Test,TH-INFRA-0002,REMOTE_EXECUTION_TRANSPORT_FAILED,TH-INFRA-0002-S4Q9,TH-INFRA-0002-S4Q9,category,,1
updated,l10,L10 Test,TH-INFRA-0002,REMOTE_EXECUTION_TRANSPORT_FAILED,TH-INFRA-0002-S4Q9,TH-INFRA-0002-S4Q9,component,Test Infrastructure,L10.INFRA.STATION
updated,l10,L10 Test,TH-INFRA-0002,REMOTE_EXECUTION_TRANSPORT_FAILED,TH-INFRA-0002-S4Q9,TH-INFRA-0002-S4Q9,disposition,,ERROR
updated,l10,L10 Test,TH-INFRA-0002,REMOTE_EXECUTION_TRANSPORT_FAILED,TH-INFRA-0002-S4Q9,TH-INFRA-0002-S4Q9,retryable,,false
updated,l10,L10 Test,TH-INFRA-0002,REMOTE_EXECUTION_TRANSPORT_FAILED,TH-INFRA-0002-S4Q9,TH-INFRA-0002-S4Q9,owner,,supercomputing-sw
updated,l10,L10 Test,TH-INFRA-0002,REMOTE_EXECUTION_TRANSPORT_FAILED,TH-INFRA-0002-S4Q9,TH-INFRA-0002-S4Q9,since,,harness 2026.226
updated,l10,L10 Test,TH-INFRA-0002,REMOTE_EXECUTION_TRANSPORT_FAILED,TH-INFRA-0002-S4Q9,TH-INFRA-0002-S4Q9,doc_url,,https://docs.google.com/document/d/1-_YC_cXvi3FtKd51jIetY9pER8JtCxH5dBE9UvndZWU/edit
updated,l10,L10 Test,TH-INFRA-0002,REMOTE_EXECUTION_TRANSPORT_FAILED,TH-INFRA-0002-S4Q9,TH-INFRA-0002-S4Q9,registry_status,sheet only,in registry
updated,l10,L10 Test,TH-INFRA-0003,INFRA_NETWORK_PATH_UNAVAILABLE,TH-INFRA-0003-S4Q9,TH-INFRA-0003-S4Q9,category,,1
updated,l10,L10 Test,TH-INFRA-0003,INFRA_NETWORK_PATH_UNAVAILABLE,TH-INFRA-0003-S4Q9,TH-INFRA-0003-S4Q9,component,Test Infrastructure,L10.INFRA.STATION
updated,l10,L10 Test,TH-INFRA-0003,INFRA_NETWORK_PATH_UNAVAILABLE,TH-INFRA-0003-S4Q9,TH-INFRA-0003-S4Q9,disposition,,ERROR
updated,l10,L10 Test,TH-INFRA-0003,INFRA_NETWORK_PATH_UNAVAILABLE,TH-INFRA-0003-S4Q9,TH-INFRA-0003-S4Q9,retryable,,false
updated,l10,L10 Test,TH-INFRA-0003,INFRA_NETWORK_PATH_UNAVAILABLE,TH-INFRA-0003-S4Q9,TH-INFRA-0003-S4Q9,owner,,supercomputing-sw
updated,l10,L10 Test,TH-INFRA-0003,INFRA_NETWORK_PATH_UNAVAILABLE,TH-INFRA-0003-S4Q9,TH-INFRA-0003-S4Q9,since,,harness 2026.226
updated,l10,L10 Test,TH-INFRA-0003,INFRA_NETWORK_PATH_UNAVAILABLE,TH-INFRA-0003-S4Q9,TH-INFRA-0003-S4Q9,doc_url,,https://docs.google.com/document/d/1-_YC_cXvi3FtKd51jIetY9pER8JtCxH5dBE9UvndZWU/edit
updated,l10,L10 Test,TH-INFRA-0003,INFRA_NETWORK_PATH_UNAVAILABLE,TH-INFRA-0003-S4Q9,TH-INFRA-0003-S4Q9,registry_status,sheet only,in registry
updated,l10,L10 Test,TH-INFRA-0004,TEST_RESOURCE_EXHAUSTED,TH-INFRA-0004-S4Q9,TH-INFRA-0004-S4Q9,category,,9
updated,l10,L10 Test,TH-INFRA-0004,TEST_RESOURCE_EXHAUSTED,TH-INFRA-0004-S4Q9,TH-INFRA-0004-S4Q9,component,Test Infrastructure,L10.INFRA.STATION
updated,l10,L10 Test,TH-INFRA-0004,TEST_RESOURCE_EXHAUSTED,TH-INFRA-0004-S4Q9,TH-INFRA-0004-S4Q9,test_cases,"StageModelRegistryToShmTestCase, RunInStress","StageModelRegistryToShmTestCase, StageWeightsTestCase, RunInStress"
updated,l10,L10 Test,TH-INFRA-0004,TEST_RESOURCE_EXHAUSTED,TH-INFRA-0004-S4Q9,TH-INFRA-0004-S4Q9,disposition,,ERROR
updated,l10,L10 Test,TH-INFRA-0004,TEST_RESOURCE_EXHAUSTED,TH-INFRA-0004-S4Q9,TH-INFRA-0004-S4Q9,retryable,,false
updated,l10,L10 Test,TH-INFRA-0004,TEST_RESOURCE_EXHAUSTED,TH-INFRA-0004-S4Q9,TH-INFRA-0004-S4Q9,owner,,supercomputing-sw
updated,l10,L10 Test,TH-INFRA-0004,TEST_RESOURCE_EXHAUSTED,TH-INFRA-0004-S4Q9,TH-INFRA-0004-S4Q9,since,,harness 2026.226
updated,l10,L10 Test,TH-INFRA-0004,TEST_RESOURCE_EXHAUSTED,TH-INFRA-0004-S4Q9,TH-INFRA-0004-S4Q9,doc_url,,https://docs.google.com/document/d/1-_YC_cXvi3FtKd51jIetY9pER8JtCxH5dBE9UvndZWU/edit
updated,l10,L10 Test,TH-INFRA-0004,TEST_RESOURCE_EXHAUSTED,TH-INFRA-0004-S4Q9,TH-INFRA-0004-S4Q9,registry_status,sheet only,in registry
updated,l10,L10 Test,TH-MEM-0001,MEMORY_INVENTORY_QUERY_FAILED,TH-MEM-0001-S4Q9,TH-MEM-0001-S4Q9,category,,7
updated,l10,L10 Test,TH-MEM-0001,MEMORY_INVENTORY_QUERY_FAILED,TH-MEM-0001-S4Q9,TH-MEM-0001-S4Q9,component,Host Memory,L10.MEM.HOST_DIMM
updated,l10,L10 Test,TH-MEM-0001,MEMORY_INVENTORY_QUERY_FAILED,TH-MEM-0001-S4Q9,TH-MEM-0001-S4Q9,disposition,,ERROR
updated,l10,L10 Test,TH-MEM-0001,MEMORY_INVENTORY_QUERY_FAILED,TH-MEM-0001-S4Q9,TH-MEM-0001-S4Q9,retryable,,false
updated,l10,L10 Test,TH-MEM-0001,MEMORY_INVENTORY_QUERY_FAILED,TH-MEM-0001-S4Q9,TH-MEM-0001-S4Q9,owner,,supercomputing-sw
updated,l10,L10 Test,TH-MEM-0001,MEMORY_INVENTORY_QUERY_FAILED,TH-MEM-0001-S4Q9,TH-MEM-0001-S4Q9,since,,harness 2026.226
updated,l10,L10 Test,TH-MEM-0001,MEMORY_INVENTORY_QUERY_FAILED,TH-MEM-0001-S4Q9,TH-MEM-0001-S4Q9,doc_url,,https://docs.google.com/document/d/1-_YC_cXvi3FtKd51jIetY9pER8JtCxH5dBE9UvndZWU/edit
updated,l10,L10 Test,TH-MEM-0001,MEMORY_INVENTORY_QUERY_FAILED,TH-MEM-0001-S4Q9,TH-MEM-0001-S4Q9,registry_status,sheet only,in registry
updated,l10,L10 Test,TH-MEM-0002,MEMORY_INVENTORY_OUTPUT_INVALID,TH-MEM-0002-S4Q9,TH-MEM-0002-S4Q9,category,,7
updated,l10,L10 Test,TH-MEM-0002,MEMORY_INVENTORY_OUTPUT_INVALID,TH-MEM-0002-S4Q9,TH-MEM-0002-S4Q9,component,Host Memory,L10.MEM.HOST_DIMM
updated,l10,L10 Test,TH-MEM-0002,MEMORY_INVENTORY_OUTPUT_INVALID,TH-MEM-0002-S4Q9,TH-MEM-0002-S4Q9,disposition,,ERROR
updated,l10,L10 Test,TH-MEM-0002,MEMORY_INVENTORY_OUTPUT_INVALID,TH-MEM-0002-S4Q9,TH-MEM-0002-S4Q9,retryable,,false
updated,l10,L10 Test,TH-MEM-0002,MEMORY_INVENTORY_OUTPUT_INVALID,TH-MEM-0002-S4Q9,TH-MEM-0002-S4Q9,owner,,supercomputing-sw
updated,l10,L10 Test,TH-MEM-0002,MEMORY_INVENTORY_OUTPUT_INVALID,TH-MEM-0002-S4Q9,TH-MEM-0002-S4Q9,since,,harness 2026.226
updated,l10,L10 Test,TH-MEM-0002,MEMORY_INVENTORY_OUTPUT_INVALID,TH-MEM-0002-S4Q9,TH-MEM-0002-S4Q9,doc_url,,https://docs.google.com/document/d/1-_YC_cXvi3FtKd51jIetY9pER8JtCxH5dBE9UvndZWU/edit
updated,l10,L10 Test,TH-MEM-0002,MEMORY_INVENTORY_OUTPUT_INVALID,TH-MEM-0002-S4Q9,TH-MEM-0002-S4Q9,registry_status,sheet only,in registry
updated,l10,L10 Test,TH-MEM-0003,NO_DIMMS_DETECTED,TH-MEM-0003-S2Q9,TH-MEM-0003-S2Q9,category,,3
updated,l10,L10 Test,TH-MEM-0003,NO_DIMMS_DETECTED,TH-MEM-0003-S2Q9,TH-MEM-0003-S2Q9,component,Host Memory,L10.MEM.HOST_DIMM
updated,l10,L10 Test,TH-MEM-0003,NO_DIMMS_DETECTED,TH-MEM-0003-S2Q9,TH-MEM-0003-S2Q9,disposition,,FAILED
updated,l10,L10 Test,TH-MEM-0003,NO_DIMMS_DETECTED,TH-MEM-0003-S2Q9,TH-MEM-0003-S2Q9,retryable,,false
updated,l10,L10 Test,TH-MEM-0003,NO_DIMMS_DETECTED,TH-MEM-0003-S2Q9,TH-MEM-0003-S2Q9,owner,,supercomputing-sw
updated,l10,L10 Test,TH-MEM-0003,NO_DIMMS_DETECTED,TH-MEM-0003-S2Q9,TH-MEM-0003-S2Q9,since,,harness 2026.226
updated,l10,L10 Test,TH-MEM-0003,NO_DIMMS_DETECTED,TH-MEM-0003-S2Q9,TH-MEM-0003-S2Q9,doc_url,,https://docs.google.com/document/d/1-_YC_cXvi3FtKd51jIetY9pER8JtCxH5dBE9UvndZWU/edit
updated,l10,L10 Test,TH-MEM-0003,NO_DIMMS_DETECTED,TH-MEM-0003-S2Q9,TH-MEM-0003-S2Q9,registry_status,sheet only,in registry
updated,l10,L10 Test,TH-MEM-0004,DIMM_COUNT_MISMATCH,TH-MEM-0004-S2Q9,TH-MEM-0004-S2Q9,category,,3
updated,l10,L10 Test,TH-MEM-0004,DIMM_COUNT_MISMATCH,TH-MEM-0004-S2Q9,TH-MEM-0004-S2Q9,component,Host Memory,L10.MEM.HOST_DIMM
updated,l10,L10 Test,TH-MEM-0004,DIMM_COUNT_MISMATCH,TH-MEM-0004-S2Q9,TH-MEM-0004-S2Q9,disposition,,FAILED
updated,l10,L10 Test,TH-MEM-0004,DIMM_COUNT_MISMATCH,TH-MEM-0004-S2Q9,TH-MEM-0004-S2Q9,retryable,,false
updated,l10,L10 Test,TH-MEM-0004,DIMM_COUNT_MISMATCH,TH-MEM-0004-S2Q9,TH-MEM-0004-S2Q9,owner,,supercomputing-sw
updated,l10,L10 Test,TH-MEM-0004,DIMM_COUNT_MISMATCH,TH-MEM-0004-S2Q9,TH-MEM-0004-S2Q9,since,,harness 2026.226
updated,l10,L10 Test,TH-MEM-0004,DIMM_COUNT_MISMATCH,TH-MEM-0004-S2Q9,TH-MEM-0004-S2Q9,doc_url,,https://docs.google.com/document/d/1-_YC_cXvi3FtKd51jIetY9pER8JtCxH5dBE9UvndZWU/edit
updated,l10,L10 Test,TH-MEM-0004,DIMM_COUNT_MISMATCH,TH-MEM-0004-S2Q9,TH-MEM-0004-S2Q9,registry_status,sheet only,in registry
updated,l10,L10 Test,TH-MEM-0005,DIMM_IDENTITY_OR_CAPACITY_MISMATCH,TH-MEM-0005-S2Q9,TH-MEM-0005-S2Q9,category,,11
updated,l10,L10 Test,TH-MEM-0005,DIMM_IDENTITY_OR_CAPACITY_MISMATCH,TH-MEM-0005-S2Q9,TH-MEM-0005-S2Q9,component,Host Memory,L10.MEM.HOST_DIMM
updated,l10,L10 Test,TH-MEM-0005,DIMM_IDENTITY_OR_CAPACITY_MISMATCH,TH-MEM-0005-S2Q9,TH-MEM-0005-S2Q9,disposition,,FAILED
updated,l10,L10 Test,TH-MEM-0005,DIMM_IDENTITY_OR_CAPACITY_MISMATCH,TH-MEM-0005-S2Q9,TH-MEM-0005-S2Q9,retryable,,false
updated,l10,L10 Test,TH-MEM-0005,DIMM_IDENTITY_OR_CAPACITY_MISMATCH,TH-MEM-0005-S2Q9,TH-MEM-0005-S2Q9,owner,,supercomputing-sw
updated,l10,L10 Test,TH-MEM-0005,DIMM_IDENTITY_OR_CAPACITY_MISMATCH,TH-MEM-0005-S2Q9,TH-MEM-0005-S2Q9,since,,harness 2026.226
updated,l10,L10 Test,TH-MEM-0005,DIMM_IDENTITY_OR_CAPACITY_MISMATCH,TH-MEM-0005-S2Q9,TH-MEM-0005-S2Q9,doc_url,,https://docs.google.com/document/d/1-_YC_cXvi3FtKd51jIetY9pER8JtCxH5dBE9UvndZWU/edit
updated,l10,L10 Test,TH-MEM-0005,DIMM_IDENTITY_OR_CAPACITY_MISMATCH,TH-MEM-0005-S2Q9,TH-MEM-0005-S2Q9,registry_status,sheet only,in registry
updated,l10,L10 Test,TH-MEM-0006,MIXED_DIMM_CONFIGURATION,TH-MEM-0006-S4Q9,TH-MEM-0006-S4Q9,category,,5
updated,l10,L10 Test,TH-MEM-0006,MIXED_DIMM_CONFIGURATION,TH-MEM-0006-S4Q9,TH-MEM-0006-S4Q9,component,Host Memory,L10.MEM.HOST_DIMM
updated,l10,L10 Test,TH-MEM-0006,MIXED_DIMM_CONFIGURATION,TH-MEM-0006-S4Q9,TH-MEM-0006-S4Q9,disposition,,FAILED
updated,l10,L10 Test,TH-MEM-0006,MIXED_DIMM_CONFIGURATION,TH-MEM-0006-S4Q9,TH-MEM-0006-S4Q9,retryable,,false
updated,l10,L10 Test,TH-MEM-0006,MIXED_DIMM_CONFIGURATION,TH-MEM-0006-S4Q9,TH-MEM-0006-S4Q9,owner,,supercomputing-sw
updated,l10,L10 Test,TH-MEM-0006,MIXED_DIMM_CONFIGURATION,TH-MEM-0006-S4Q9,TH-MEM-0006-S4Q9,since,,harness 2026.226
updated,l10,L10 Test,TH-MEM-0006,MIXED_DIMM_CONFIGURATION,TH-MEM-0006-S4Q9,TH-MEM-0006-S4Q9,doc_url,,https://docs.google.com/document/d/1-_YC_cXvi3FtKd51jIetY9pER8JtCxH5dBE9UvndZWU/edit
updated,l10,L10 Test,TH-MEM-0006,MIXED_DIMM_CONFIGURATION,TH-MEM-0006-S4Q9,TH-MEM-0006-S4Q9,registry_status,sheet only,in registry
updated,l10,L10 Test,TH-MEM-0007,MEMORY_STRESS_FAILED,TH-MEM-0007-S2Q6,TH-MEM-0007-S2Q6,category,,3
updated,l10,L10 Test,TH-MEM-0007,MEMORY_STRESS_FAILED,TH-MEM-0007-S2Q6,TH-MEM-0007-S2Q6,component,Host Memory,L10.MEM.HOST_DIMM
updated,l10,L10 Test,TH-MEM-0007,MEMORY_STRESS_FAILED,TH-MEM-0007-S2Q6,TH-MEM-0007-S2Q6,disposition,,FAILED
updated,l10,L10 Test,TH-MEM-0007,MEMORY_STRESS_FAILED,TH-MEM-0007-S2Q6,TH-MEM-0007-S2Q6,retryable,,true
updated,l10,L10 Test,TH-MEM-0007,MEMORY_STRESS_FAILED,TH-MEM-0007-S2Q6,TH-MEM-0007-S2Q6,owner,,supercomputing-sw
updated,l10,L10 Test,TH-MEM-0007,MEMORY_STRESS_FAILED,TH-MEM-0007-S2Q6,TH-MEM-0007-S2Q6,since,,harness 2026.226
updated,l10,L10 Test,TH-MEM-0007,MEMORY_STRESS_FAILED,TH-MEM-0007-S2Q6,TH-MEM-0007-S2Q6,doc_url,,https://docs.google.com/document/d/1-_YC_cXvi3FtKd51jIetY9pER8JtCxH5dBE9UvndZWU/edit
updated,l10,L10 Test,TH-MEM-0007,MEMORY_STRESS_FAILED,TH-MEM-0007-S2Q6,TH-MEM-0007-S2Q6,registry_status,sheet only,in registry
updated,l10,L10 Test,TH-MEM-0008,MEMORY_STRESS_METRICS_INVALID,TH-MEM-0008-S4Q9,TH-MEM-0008-S4Q9,category,,7
updated,l10,L10 Test,TH-MEM-0008,MEMORY_STRESS_METRICS_INVALID,TH-MEM-0008-S4Q9,TH-MEM-0008-S4Q9,component,Host Memory,L10.MEM.HOST_DIMM
updated,l10,L10 Test,TH-MEM-0008,MEMORY_STRESS_METRICS_INVALID,TH-MEM-0008-S4Q9,TH-MEM-0008-S4Q9,disposition,,ERROR
updated,l10,L10 Test,TH-MEM-0008,MEMORY_STRESS_METRICS_INVALID,TH-MEM-0008-S4Q9,TH-MEM-0008-S4Q9,retryable,,false
updated,l10,L10 Test,TH-MEM-0008,MEMORY_STRESS_METRICS_INVALID,TH-MEM-0008-S4Q9,TH-MEM-0008-S4Q9,owner,,supercomputing-sw
updated,l10,L10 Test,TH-MEM-0008,MEMORY_STRESS_METRICS_INVALID,TH-MEM-0008-S4Q9,TH-MEM-0008-S4Q9,since,,harness 2026.226
updated,l10,L10 Test,TH-MEM-0008,MEMORY_STRESS_METRICS_INVALID,TH-MEM-0008-S4Q9,TH-MEM-0008-S4Q9,doc_url,,https://docs.google.com/document/d/1-_YC_cXvi3FtKd51jIetY9pER8JtCxH5dBE9UvndZWU/edit
updated,l10,L10 Test,TH-MEM-0008,MEMORY_STRESS_METRICS_INVALID,TH-MEM-0008-S4Q9,TH-MEM-0008-S4Q9,registry_status,sheet only,in registry
updated,l10,L10 Test,TH-MEM-0009,NUMA_TOPOLOGY_PRECONDITION_NOT_MET,TH-MEM-0009-S5Q9,TH-MEM-0009-S5Q9,category,,5
updated,l10,L10 Test,TH-MEM-0009,NUMA_TOPOLOGY_PRECONDITION_NOT_MET,TH-MEM-0009-S5Q9,TH-MEM-0009-S5Q9,component,Host Memory,L10.MEM.HOST_DIMM
updated,l10,L10 Test,TH-MEM-0009,NUMA_TOPOLOGY_PRECONDITION_NOT_MET,TH-MEM-0009-S5Q9,TH-MEM-0009-S5Q9,disposition,,ERROR
updated,l10,L10 Test,TH-MEM-0009,NUMA_TOPOLOGY_PRECONDITION_NOT_MET,TH-MEM-0009-S5Q9,TH-MEM-0009-S5Q9,retryable,,false
updated,l10,L10 Test,TH-MEM-0009,NUMA_TOPOLOGY_PRECONDITION_NOT_MET,TH-MEM-0009-S5Q9,TH-MEM-0009-S5Q9,owner,,supercomputing-sw
updated,l10,L10 Test,TH-MEM-0009,NUMA_TOPOLOGY_PRECONDITION_NOT_MET,TH-MEM-0009-S5Q9,TH-MEM-0009-S5Q9,since,,harness 2026.226
updated,l10,L10 Test,TH-MEM-0009,NUMA_TOPOLOGY_PRECONDITION_NOT_MET,TH-MEM-0009-S5Q9,TH-MEM-0009-S5Q9,doc_url,,https://docs.google.com/document/d/1-_YC_cXvi3FtKd51jIetY9pER8JtCxH5dBE9UvndZWU/edit
updated,l10,L10 Test,TH-MEM-0009,NUMA_TOPOLOGY_PRECONDITION_NOT_MET,TH-MEM-0009-S5Q9,TH-MEM-0009-S5Q9,registry_status,sheet only,in registry
updated,l10,L10 Test,TH-MEM-0010,CROSS_NUMA_MEMORY_STRESS_FAILED,TH-MEM-0010-S2Q6,TH-MEM-0010-S2Q6,category,,3
updated,l10,L10 Test,TH-MEM-0010,CROSS_NUMA_MEMORY_STRESS_FAILED,TH-MEM-0010-S2Q6,TH-MEM-0010-S2Q6,component,Host Memory,L10.MEM.HOST_DIMM
updated,l10,L10 Test,TH-MEM-0010,CROSS_NUMA_MEMORY_STRESS_FAILED,TH-MEM-0010-S2Q6,TH-MEM-0010-S2Q6,disposition,,FAILED
updated,l10,L10 Test,TH-MEM-0010,CROSS_NUMA_MEMORY_STRESS_FAILED,TH-MEM-0010-S2Q6,TH-MEM-0010-S2Q6,retryable,,true
updated,l10,L10 Test,TH-MEM-0010,CROSS_NUMA_MEMORY_STRESS_FAILED,TH-MEM-0010-S2Q6,TH-MEM-0010-S2Q6,owner,,supercomputing-sw
updated,l10,L10 Test,TH-MEM-0010,CROSS_NUMA_MEMORY_STRESS_FAILED,TH-MEM-0010-S2Q6,TH-MEM-0010-S2Q6,since,,harness 2026.226
updated,l10,L10 Test,TH-MEM-0010,CROSS_NUMA_MEMORY_STRESS_FAILED,TH-MEM-0010-S2Q6,TH-MEM-0010-S2Q6,doc_url,,https://docs.google.com/document/d/1-_YC_cXvi3FtKd51jIetY9pER8JtCxH5dBE9UvndZWU/edit
updated,l10,L10 Test,TH-MEM-0010,CROSS_NUMA_MEMORY_STRESS_FAILED,TH-MEM-0010-S2Q6,TH-MEM-0010-S2Q6,registry_status,sheet only,in registry
updated,l10,L10 Test,TH-NIC-0001,NIC_EXPECTED_CONFIG_UNAVAILABLE,TH-NIC-0001-S5Q9,TH-NIC-0001-S5Q9,category,,5
updated,l10,L10 Test,TH-NIC-0001,NIC_EXPECTED_CONFIG_UNAVAILABLE,TH-NIC-0001-S5Q9,TH-NIC-0001-S5Q9,component,NIC,L10.NIC.NIC
updated,l10,L10 Test,TH-NIC-0001,NIC_EXPECTED_CONFIG_UNAVAILABLE,TH-NIC-0001-S5Q9,TH-NIC-0001-S5Q9,disposition,,ERROR
updated,l10,L10 Test,TH-NIC-0001,NIC_EXPECTED_CONFIG_UNAVAILABLE,TH-NIC-0001-S5Q9,TH-NIC-0001-S5Q9,retryable,,false
updated,l10,L10 Test,TH-NIC-0001,NIC_EXPECTED_CONFIG_UNAVAILABLE,TH-NIC-0001-S5Q9,TH-NIC-0001-S5Q9,owner,,supercomputing-sw
updated,l10,L10 Test,TH-NIC-0001,NIC_EXPECTED_CONFIG_UNAVAILABLE,TH-NIC-0001-S5Q9,TH-NIC-0001-S5Q9,since,,harness 2026.226
updated,l10,L10 Test,TH-NIC-0001,NIC_EXPECTED_CONFIG_UNAVAILABLE,TH-NIC-0001-S5Q9,TH-NIC-0001-S5Q9,doc_url,,https://docs.google.com/document/d/1-_YC_cXvi3FtKd51jIetY9pER8JtCxH5dBE9UvndZWU/edit
updated,l10,L10 Test,TH-NIC-0001,NIC_EXPECTED_CONFIG_UNAVAILABLE,TH-NIC-0001-S5Q9,TH-NIC-0001-S5Q9,registry_status,sheet only,in registry
updated,l10,L10 Test,TH-NIC-0002,NIC_INVENTORY_QUERY_FAILED,TH-NIC-0002-S4Q9,TH-NIC-0002-S4Q9,category,,7
updated,l10,L10 Test,TH-NIC-0002,NIC_INVENTORY_QUERY_FAILED,TH-NIC-0002-S4Q9,TH-NIC-0002-S4Q9,component,NIC,L10.NIC.NIC
updated,l10,L10 Test,TH-NIC-0002,NIC_INVENTORY_QUERY_FAILED,TH-NIC-0002-S4Q9,TH-NIC-0002-S4Q9,disposition,,ERROR
updated,l10,L10 Test,TH-NIC-0002,NIC_INVENTORY_QUERY_FAILED,TH-NIC-0002-S4Q9,TH-NIC-0002-S4Q9,retryable,,false
updated,l10,L10 Test,TH-NIC-0002,NIC_INVENTORY_QUERY_FAILED,TH-NIC-0002-S4Q9,TH-NIC-0002-S4Q9,owner,,supercomputing-sw
updated,l10,L10 Test,TH-NIC-0002,NIC_INVENTORY_QUERY_FAILED,TH-NIC-0002-S4Q9,TH-NIC-0002-S4Q9,since,,harness 2026.226
updated,l10,L10 Test,TH-NIC-0002,NIC_INVENTORY_QUERY_FAILED,TH-NIC-0002-S4Q9,TH-NIC-0002-S4Q9,doc_url,,https://docs.google.com/document/d/1-_YC_cXvi3FtKd51jIetY9pER8JtCxH5dBE9UvndZWU/edit
updated,l10,L10 Test,TH-NIC-0002,NIC_INVENTORY_QUERY_FAILED,TH-NIC-0002-S4Q9,TH-NIC-0002-S4Q9,registry_status,sheet only,in registry
updated,l10,L10 Test,TH-NIC-0003,NIC_DISCOVERY_SERVICE_UNAVAILABLE,TH-NIC-0003-S4Q9,TH-NIC-0003-S4Q9,category,,7
updated,l10,L10 Test,TH-NIC-0003,NIC_DISCOVERY_SERVICE_UNAVAILABLE,TH-NIC-0003-S4Q9,TH-NIC-0003-S4Q9,component,NIC,L10.NIC.NIC
updated,l10,L10 Test,TH-NIC-0003,NIC_DISCOVERY_SERVICE_UNAVAILABLE,TH-NIC-0003-S4Q9,TH-NIC-0003-S4Q9,disposition,,ERROR
updated,l10,L10 Test,TH-NIC-0003,NIC_DISCOVERY_SERVICE_UNAVAILABLE,TH-NIC-0003-S4Q9,TH-NIC-0003-S4Q9,retryable,,false
updated,l10,L10 Test,TH-NIC-0003,NIC_DISCOVERY_SERVICE_UNAVAILABLE,TH-NIC-0003-S4Q9,TH-NIC-0003-S4Q9,owner,,supercomputing-sw
updated,l10,L10 Test,TH-NIC-0003,NIC_DISCOVERY_SERVICE_UNAVAILABLE,TH-NIC-0003-S4Q9,TH-NIC-0003-S4Q9,since,,harness 2026.226
updated,l10,L10 Test,TH-NIC-0003,NIC_DISCOVERY_SERVICE_UNAVAILABLE,TH-NIC-0003-S4Q9,TH-NIC-0003-S4Q9,doc_url,,https://docs.google.com/document/d/1-_YC_cXvi3FtKd51jIetY9pER8JtCxH5dBE9UvndZWU/edit
updated,l10,L10 Test,TH-NIC-0003,NIC_DISCOVERY_SERVICE_UNAVAILABLE,TH-NIC-0003-S4Q9,TH-NIC-0003-S4Q9,registry_status,sheet only,in registry
updated,l10,L10 Test,TH-NIC-0004,NIC_COUNT_MISMATCH,TH-NIC-0004-S2Q9,TH-NIC-0004-S2Q9,category,,1
updated,l10,L10 Test,TH-NIC-0004,NIC_COUNT_MISMATCH,TH-NIC-0004-S2Q9,TH-NIC-0004-S2Q9,component,NIC,L10.NIC.NIC
updated,l10,L10 Test,TH-NIC-0004,NIC_COUNT_MISMATCH,TH-NIC-0004-S2Q9,TH-NIC-0004-S2Q9,disposition,,FAILED
updated,l10,L10 Test,TH-NIC-0004,NIC_COUNT_MISMATCH,TH-NIC-0004-S2Q9,TH-NIC-0004-S2Q9,retryable,,false
updated,l10,L10 Test,TH-NIC-0004,NIC_COUNT_MISMATCH,TH-NIC-0004-S2Q9,TH-NIC-0004-S2Q9,owner,,supercomputing-sw
updated,l10,L10 Test,TH-NIC-0004,NIC_COUNT_MISMATCH,TH-NIC-0004-S2Q9,TH-NIC-0004-S2Q9,since,,harness 2026.226
updated,l10,L10 Test,TH-NIC-0004,NIC_COUNT_MISMATCH,TH-NIC-0004-S2Q9,TH-NIC-0004-S2Q9,doc_url,,https://docs.google.com/document/d/1-_YC_cXvi3FtKd51jIetY9pER8JtCxH5dBE9UvndZWU/edit
updated,l10,L10 Test,TH-NIC-0004,NIC_COUNT_MISMATCH,TH-NIC-0004-S2Q9,TH-NIC-0004-S2Q9,registry_status,sheet only,in registry
updated,l10,L10 Test,TH-NIC-0005,NIC_IDENTITY_MISMATCH,TH-NIC-0005-S2Q9,TH-NIC-0005-S2Q9,category,,11
updated,l10,L10 Test,TH-NIC-0005,NIC_IDENTITY_MISMATCH,TH-NIC-0005-S2Q9,TH-NIC-0005-S2Q9,component,NIC,L10.NIC.NIC
updated,l10,L10 Test,TH-NIC-0005,NIC_IDENTITY_MISMATCH,TH-NIC-0005-S2Q9,TH-NIC-0005-S2Q9,disposition,,FAILED
updated,l10,L10 Test,TH-NIC-0005,NIC_IDENTITY_MISMATCH,TH-NIC-0005-S2Q9,TH-NIC-0005-S2Q9,retryable,,false
updated,l10,L10 Test,TH-NIC-0005,NIC_IDENTITY_MISMATCH,TH-NIC-0005-S2Q9,TH-NIC-0005-S2Q9,owner,,supercomputing-sw
updated,l10,L10 Test,TH-NIC-0005,NIC_IDENTITY_MISMATCH,TH-NIC-0005-S2Q9,TH-NIC-0005-S2Q9,since,,harness 2026.226
updated,l10,L10 Test,TH-NIC-0005,NIC_IDENTITY_MISMATCH,TH-NIC-0005-S2Q9,TH-NIC-0005-S2Q9,doc_url,,https://docs.google.com/document/d/1-_YC_cXvi3FtKd51jIetY9pER8JtCxH5dBE9UvndZWU/edit
updated,l10,L10 Test,TH-NIC-0005,NIC_IDENTITY_MISMATCH,TH-NIC-0005-S2Q9,TH-NIC-0005-S2Q9,registry_status,sheet only,in registry
updated,l10,L10 Test,TH-NIC-0006,NIC_DUPLICATE_PCI_ADDRESS,TH-NIC-0006-S4Q9,TH-NIC-0006-S4Q9,category,,11
updated,l10,L10 Test,TH-NIC-0006,NIC_DUPLICATE_PCI_ADDRESS,TH-NIC-0006-S4Q9,TH-NIC-0006-S4Q9,component,NIC,L10.NIC.NIC
updated,l10,L10 Test,TH-NIC-0006,NIC_DUPLICATE_PCI_ADDRESS,TH-NIC-0006-S4Q9,TH-NIC-0006-S4Q9,disposition,,FAILED
updated,l10,L10 Test,TH-NIC-0006,NIC_DUPLICATE_PCI_ADDRESS,TH-NIC-0006-S4Q9,TH-NIC-0006-S4Q9,retryable,,false
updated,l10,L10 Test,TH-NIC-0006,NIC_DUPLICATE_PCI_ADDRESS,TH-NIC-0006-S4Q9,TH-NIC-0006-S4Q9,owner,,supercomputing-sw
updated,l10,L10 Test,TH-NIC-0006,NIC_DUPLICATE_PCI_ADDRESS,TH-NIC-0006-S4Q9,TH-NIC-0006-S4Q9,since,,harness 2026.226
updated,l10,L10 Test,TH-NIC-0006,NIC_DUPLICATE_PCI_ADDRESS,TH-NIC-0006-S4Q9,TH-NIC-0006-S4Q9,doc_url,,https://docs.google.com/document/d/1-_YC_cXvi3FtKd51jIetY9pER8JtCxH5dBE9UvndZWU/edit
updated,l10,L10 Test,TH-NIC-0006,NIC_DUPLICATE_PCI_ADDRESS,TH-NIC-0006-S4Q9,TH-NIC-0006-S4Q9,registry_status,sheet only,in registry
updated,l10,L10 Test,TH-NIC-0007,UNEXPECTED_NIC_DETECTED,TH-NIC-0007-S2Q9,TH-NIC-0007-S2Q9,category,,1
updated,l10,L10 Test,TH-NIC-0007,UNEXPECTED_NIC_DETECTED,TH-NIC-0007-S2Q9,TH-NIC-0007-S2Q9,component,NIC,L10.NIC.NIC
updated,l10,L10 Test,TH-NIC-0007,UNEXPECTED_NIC_DETECTED,TH-NIC-0007-S2Q9,TH-NIC-0007-S2Q9,disposition,,FAILED
updated,l10,L10 Test,TH-NIC-0007,UNEXPECTED_NIC_DETECTED,TH-NIC-0007-S2Q9,TH-NIC-0007-S2Q9,retryable,,false
updated,l10,L10 Test,TH-NIC-0007,UNEXPECTED_NIC_DETECTED,TH-NIC-0007-S2Q9,TH-NIC-0007-S2Q9,owner,,supercomputing-sw
updated,l10,L10 Test,TH-NIC-0007,UNEXPECTED_NIC_DETECTED,TH-NIC-0007-S2Q9,TH-NIC-0007-S2Q9,since,,harness 2026.226
updated,l10,L10 Test,TH-NIC-0007,UNEXPECTED_NIC_DETECTED,TH-NIC-0007-S2Q9,TH-NIC-0007-S2Q9,doc_url,,https://docs.google.com/document/d/1-_YC_cXvi3FtKd51jIetY9pER8JtCxH5dBE9UvndZWU/edit
updated,l10,L10 Test,TH-NIC-0007,UNEXPECTED_NIC_DETECTED,TH-NIC-0007-S2Q9,TH-NIC-0007-S2Q9,registry_status,sheet only,in registry
updated,l10,L10 Test,TH-NIC-0008,LOM_NIC_NOT_DETECTED,TH-NIC-0008-S2Q9,TH-NIC-0008-S2Q9,category,,1
updated,l10,L10 Test,TH-NIC-0008,LOM_NIC_NOT_DETECTED,TH-NIC-0008-S2Q9,TH-NIC-0008-S2Q9,component,LOM NIC,L10.NIC.LOM
updated,l10,L10 Test,TH-NIC-0008,LOM_NIC_NOT_DETECTED,TH-NIC-0008-S2Q9,TH-NIC-0008-S2Q9,disposition,,FAILED
updated,l10,L10 Test,TH-NIC-0008,LOM_NIC_NOT_DETECTED,TH-NIC-0008-S2Q9,TH-NIC-0008-S2Q9,retryable,,false
updated,l10,L10 Test,TH-NIC-0008,LOM_NIC_NOT_DETECTED,TH-NIC-0008-S2Q9,TH-NIC-0008-S2Q9,owner,,supercomputing-sw
updated,l10,L10 Test,TH-NIC-0008,LOM_NIC_NOT_DETECTED,TH-NIC-0008-S2Q9,TH-NIC-0008-S2Q9,since,,harness 2026.226
updated,l10,L10 Test,TH-NIC-0008,LOM_NIC_NOT_DETECTED,TH-NIC-0008-S2Q9,TH-NIC-0008-S2Q9,doc_url,,https://docs.google.com/document/d/1-_YC_cXvi3FtKd51jIetY9pER8JtCxH5dBE9UvndZWU/edit
updated,l10,L10 Test,TH-NIC-0008,LOM_NIC_NOT_DETECTED,TH-NIC-0008-S2Q9,TH-NIC-0008-S2Q9,registry_status,sheet only,in registry
updated,l10,L10 Test,TH-NIC-0009,LOM_MAC_ADDRESS_MISMATCH,TH-NIC-0009-S2Q9,TH-NIC-0009-S2Q9,category,,11
updated,l10,L10 Test,TH-NIC-0009,LOM_MAC_ADDRESS_MISMATCH,TH-NIC-0009-S2Q9,TH-NIC-0009-S2Q9,component,LOM NIC,L10.NIC.LOM
updated,l10,L10 Test,TH-NIC-0009,LOM_MAC_ADDRESS_MISMATCH,TH-NIC-0009-S2Q9,TH-NIC-0009-S2Q9,disposition,,FAILED
updated,l10,L10 Test,TH-NIC-0009,LOM_MAC_ADDRESS_MISMATCH,TH-NIC-0009-S2Q9,TH-NIC-0009-S2Q9,retryable,,false
updated,l10,L10 Test,TH-NIC-0009,LOM_MAC_ADDRESS_MISMATCH,TH-NIC-0009-S2Q9,TH-NIC-0009-S2Q9,owner,,supercomputing-sw
updated,l10,L10 Test,TH-NIC-0009,LOM_MAC_ADDRESS_MISMATCH,TH-NIC-0009-S2Q9,TH-NIC-0009-S2Q9,since,,harness 2026.226
updated,l10,L10 Test,TH-NIC-0009,LOM_MAC_ADDRESS_MISMATCH,TH-NIC-0009-S2Q9,TH-NIC-0009-S2Q9,doc_url,,https://docs.google.com/document/d/1-_YC_cXvi3FtKd51jIetY9pER8JtCxH5dBE9UvndZWU/edit
updated,l10,L10 Test,TH-NIC-0009,LOM_MAC_ADDRESS_MISMATCH,TH-NIC-0009-S2Q9,TH-NIC-0009-S2Q9,registry_status,sheet only,in registry
updated,l10,L10 Test,TH-NIC-0010,NIC_DRIVER_QUERY_FAILED,TH-NIC-0010-S4Q9,TH-NIC-0010-S4Q9,category,,7
updated,l10,L10 Test,TH-NIC-0010,NIC_DRIVER_QUERY_FAILED,TH-NIC-0010-S4Q9,TH-NIC-0010-S4Q9,component,NIC,L10.NIC.NIC
updated,l10,L10 Test,TH-NIC-0010,NIC_DRIVER_QUERY_FAILED,TH-NIC-0010-S4Q9,TH-NIC-0010-S4Q9,disposition,,ERROR
updated,l10,L10 Test,TH-NIC-0010,NIC_DRIVER_QUERY_FAILED,TH-NIC-0010-S4Q9,TH-NIC-0010-S4Q9,retryable,,false
updated,l10,L10 Test,TH-NIC-0010,NIC_DRIVER_QUERY_FAILED,TH-NIC-0010-S4Q9,TH-NIC-0010-S4Q9,owner,,supercomputing-sw
updated,l10,L10 Test,TH-NIC-0010,NIC_DRIVER_QUERY_FAILED,TH-NIC-0010-S4Q9,TH-NIC-0010-S4Q9,since,,harness 2026.226
updated,l10,L10 Test,TH-NIC-0010,NIC_DRIVER_QUERY_FAILED,TH-NIC-0010-S4Q9,TH-NIC-0010-S4Q9,doc_url,,https://docs.google.com/document/d/1-_YC_cXvi3FtKd51jIetY9pER8JtCxH5dBE9UvndZWU/edit
updated,l10,L10 Test,TH-NIC-0010,NIC_DRIVER_QUERY_FAILED,TH-NIC-0010-S4Q9,TH-NIC-0010-S4Q9,registry_status,sheet only,in registry
updated,l10,L10 Test,TH-NIC-0011,NIC_DRIVER_VERSION_MISMATCH,TH-NIC-0011-S5Q9,TH-NIC-0011-S5Q9,category,,5
updated,l10,L10 Test,TH-NIC-0011,NIC_DRIVER_VERSION_MISMATCH,TH-NIC-0011-S5Q9,TH-NIC-0011-S5Q9,component,NIC,L10.NIC.NIC
updated,l10,L10 Test,TH-NIC-0011,NIC_DRIVER_VERSION_MISMATCH,TH-NIC-0011-S5Q9,TH-NIC-0011-S5Q9,disposition,,FAILED
updated,l10,L10 Test,TH-NIC-0011,NIC_DRIVER_VERSION_MISMATCH,TH-NIC-0011-S5Q9,TH-NIC-0011-S5Q9,retryable,,false
updated,l10,L10 Test,TH-NIC-0011,NIC_DRIVER_VERSION_MISMATCH,TH-NIC-0011-S5Q9,TH-NIC-0011-S5Q9,owner,,supercomputing-sw
updated,l10,L10 Test,TH-NIC-0011,NIC_DRIVER_VERSION_MISMATCH,TH-NIC-0011-S5Q9,TH-NIC-0011-S5Q9,since,,harness 2026.226
updated,l10,L10 Test,TH-NIC-0011,NIC_DRIVER_VERSION_MISMATCH,TH-NIC-0011-S5Q9,TH-NIC-0011-S5Q9,doc_url,,https://docs.google.com/document/d/1-_YC_cXvi3FtKd51jIetY9pER8JtCxH5dBE9UvndZWU/edit
updated,l10,L10 Test,TH-NIC-0011,NIC_DRIVER_VERSION_MISMATCH,TH-NIC-0011-S5Q9,TH-NIC-0011-S5Q9,registry_status,sheet only,in registry
updated,l10,L10 Test,TH-NIC-0012,NIC_FIRMWARE_VERSION_MISMATCH,TH-NIC-0012-S5Q9,TH-NIC-0012-S5Q9,category,,5
updated,l10,L10 Test,TH-NIC-0012,NIC_FIRMWARE_VERSION_MISMATCH,TH-NIC-0012-S5Q9,TH-NIC-0012-S5Q9,component,NIC,L10.NIC.NIC
updated,l10,L10 Test,TH-NIC-0012,NIC_FIRMWARE_VERSION_MISMATCH,TH-NIC-0012-S5Q9,TH-NIC-0012-S5Q9,disposition,,FAILED
updated,l10,L10 Test,TH-NIC-0012,NIC_FIRMWARE_VERSION_MISMATCH,TH-NIC-0012-S5Q9,TH-NIC-0012-S5Q9,retryable,,false
updated,l10,L10 Test,TH-NIC-0012,NIC_FIRMWARE_VERSION_MISMATCH,TH-NIC-0012-S5Q9,TH-NIC-0012-S5Q9,owner,,supercomputing-sw
updated,l10,L10 Test,TH-NIC-0012,NIC_FIRMWARE_VERSION_MISMATCH,TH-NIC-0012-S5Q9,TH-NIC-0012-S5Q9,since,,harness 2026.226
updated,l10,L10 Test,TH-NIC-0012,NIC_FIRMWARE_VERSION_MISMATCH,TH-NIC-0012-S5Q9,TH-NIC-0012-S5Q9,doc_url,,https://docs.google.com/document/d/1-_YC_cXvi3FtKd51jIetY9pER8JtCxH5dBE9UvndZWU/edit
updated,l10,L10 Test,TH-NIC-0012,NIC_FIRMWARE_VERSION_MISMATCH,TH-NIC-0012-S5Q9,TH-NIC-0012-S5Q9,registry_status,sheet only,in registry
updated,l10,L10 Test,TH-NIC-0013,NIC_VERSION_OUTPUT_INVALID,TH-NIC-0013-S4Q9,TH-NIC-0013-S4Q9,category,,7
updated,l10,L10 Test,TH-NIC-0013,NIC_VERSION_OUTPUT_INVALID,TH-NIC-0013-S4Q9,TH-NIC-0013-S4Q9,component,NIC,L10.NIC.NIC
updated,l10,L10 Test,TH-NIC-0013,NIC_VERSION_OUTPUT_INVALID,TH-NIC-0013-S4Q9,TH-NIC-0013-S4Q9,disposition,,ERROR
updated,l10,L10 Test,TH-NIC-0013,NIC_VERSION_OUTPUT_INVALID,TH-NIC-0013-S4Q9,TH-NIC-0013-S4Q9,retryable,,false
updated,l10,L10 Test,TH-NIC-0013,NIC_VERSION_OUTPUT_INVALID,TH-NIC-0013-S4Q9,TH-NIC-0013-S4Q9,owner,,supercomputing-sw
updated,l10,L10 Test,TH-NIC-0013,NIC_VERSION_OUTPUT_INVALID,TH-NIC-0013-S4Q9,TH-NIC-0013-S4Q9,since,,harness 2026.226
updated,l10,L10 Test,TH-NIC-0013,NIC_VERSION_OUTPUT_INVALID,TH-NIC-0013-S4Q9,TH-NIC-0013-S4Q9,doc_url,,https://docs.google.com/document/d/1-_YC_cXvi3FtKd51jIetY9pER8JtCxH5dBE9UvndZWU/edit
updated,l10,L10 Test,TH-NIC-0013,NIC_VERSION_OUTPUT_INVALID,TH-NIC-0013-S4Q9,TH-NIC-0013-S4Q9,registry_status,sheet only,in registry
updated,l10,L10 Test,TH-NIC-0014,NIC_INTERFACE_LINK_DOWN,TH-NIC-0014-S2Q6,TH-NIC-0014-S2Q6,category,,1
updated,l10,L10 Test,TH-NIC-0014,NIC_INTERFACE_LINK_DOWN,TH-NIC-0014-S2Q6,TH-NIC-0014-S2Q6,component,NIC,L10.NIC.NIC
updated,l10,L10 Test,TH-NIC-0014,NIC_INTERFACE_LINK_DOWN,TH-NIC-0014-S2Q6,TH-NIC-0014-S2Q6,disposition,,FAILED
updated,l10,L10 Test,TH-NIC-0014,NIC_INTERFACE_LINK_DOWN,TH-NIC-0014-S2Q6,TH-NIC-0014-S2Q6,retryable,,true
updated,l10,L10 Test,TH-NIC-0014,NIC_INTERFACE_LINK_DOWN,TH-NIC-0014-S2Q6,TH-NIC-0014-S2Q6,owner,,supercomputing-sw
updated,l10,L10 Test,TH-NIC-0014,NIC_INTERFACE_LINK_DOWN,TH-NIC-0014-S2Q6,TH-NIC-0014-S2Q6,since,,harness 2026.226
updated,l10,L10 Test,TH-NIC-0014,NIC_INTERFACE_LINK_DOWN,TH-NIC-0014-S2Q6,TH-NIC-0014-S2Q6,doc_url,,https://docs.google.com/document/d/1-_YC_cXvi3FtKd51jIetY9pER8JtCxH5dBE9UvndZWU/edit
updated,l10,L10 Test,TH-NIC-0014,NIC_INTERFACE_LINK_DOWN,TH-NIC-0014-S2Q6,TH-NIC-0014-S2Q6,registry_status,sheet only,in registry
updated,l10,L10 Test,TH-NIC-0015,NETD_NOT_READY,TH-NIC-0015-S4Q9,TH-NIC-0015-S4Q9,category,,7
updated,l10,L10 Test,TH-NIC-0015,NETD_NOT_READY,TH-NIC-0015-S4Q9,TH-NIC-0015-S4Q9,component,NIC,L10.NIC.NIC
updated,l10,L10 Test,TH-NIC-0015,NETD_NOT_READY,TH-NIC-0015-S4Q9,TH-NIC-0015-S4Q9,disposition,,ERROR
updated,l10,L10 Test,TH-NIC-0015,NETD_NOT_READY,TH-NIC-0015-S4Q9,TH-NIC-0015-S4Q9,retryable,,false
updated,l10,L10 Test,TH-NIC-0015,NETD_NOT_READY,TH-NIC-0015-S4Q9,TH-NIC-0015-S4Q9,owner,,supercomputing-sw
updated,l10,L10 Test,TH-NIC-0015,NETD_NOT_READY,TH-NIC-0015-S4Q9,TH-NIC-0015-S4Q9,since,,harness 2026.226
updated,l10,L10 Test,TH-NIC-0015,NETD_NOT_READY,TH-NIC-0015-S4Q9,TH-NIC-0015-S4Q9,doc_url,,https://docs.google.com/document/d/1-_YC_cXvi3FtKd51jIetY9pER8JtCxH5dBE9UvndZWU/edit
updated,l10,L10 Test,TH-NIC-0015,NETD_NOT_READY,TH-NIC-0015-S4Q9,TH-NIC-0015-S4Q9,registry_status,sheet only,in registry
updated,l10,L10 Test,TH-NIC-0016,NETD_ACTIVE_SLAVE_MISMATCH,TH-NIC-0016-S5Q9,TH-NIC-0016-S5Q9,category,,5
updated,l10,L10 Test,TH-NIC-0016,NETD_ACTIVE_SLAVE_MISMATCH,TH-NIC-0016-S5Q9,TH-NIC-0016-S5Q9,component,NIC,L10.NIC.NIC
updated,l10,L10 Test,TH-NIC-0016,NETD_ACTIVE_SLAVE_MISMATCH,TH-NIC-0016-S5Q9,TH-NIC-0016-S5Q9,disposition,,FAILED
updated,l10,L10 Test,TH-NIC-0016,NETD_ACTIVE_SLAVE_MISMATCH,TH-NIC-0016-S5Q9,TH-NIC-0016-S5Q9,retryable,,false
updated,l10,L10 Test,TH-NIC-0016,NETD_ACTIVE_SLAVE_MISMATCH,TH-NIC-0016-S5Q9,TH-NIC-0016-S5Q9,owner,,supercomputing-sw
updated,l10,L10 Test,TH-NIC-0016,NETD_ACTIVE_SLAVE_MISMATCH,TH-NIC-0016-S5Q9,TH-NIC-0016-S5Q9,since,,harness 2026.226
updated,l10,L10 Test,TH-NIC-0016,NETD_ACTIVE_SLAVE_MISMATCH,TH-NIC-0016-S5Q9,TH-NIC-0016-S5Q9,doc_url,,https://docs.google.com/document/d/1-_YC_cXvi3FtKd51jIetY9pER8JtCxH5dBE9UvndZWU/edit
updated,l10,L10 Test,TH-NIC-0016,NETD_ACTIVE_SLAVE_MISMATCH,TH-NIC-0016-S5Q9,TH-NIC-0016-S5Q9,registry_status,sheet only,in registry
updated,l10,L10 Test,TH-NIC-0017,LOOPBACK_GROUP_COUNT_MISMATCH,TH-NIC-0017-S2Q9,TH-NIC-0017-S2Q9,category,,1
updated,l10,L10 Test,TH-NIC-0017,LOOPBACK_GROUP_COUNT_MISMATCH,TH-NIC-0017-S2Q9,TH-NIC-0017-S2Q9,component,NIC,L10.NIC.NIC
updated,l10,L10 Test,TH-NIC-0017,LOOPBACK_GROUP_COUNT_MISMATCH,TH-NIC-0017-S2Q9,TH-NIC-0017-S2Q9,disposition,,FAILED
updated,l10,L10 Test,TH-NIC-0017,LOOPBACK_GROUP_COUNT_MISMATCH,TH-NIC-0017-S2Q9,TH-NIC-0017-S2Q9,retryable,,false
updated,l10,L10 Test,TH-NIC-0017,LOOPBACK_GROUP_COUNT_MISMATCH,TH-NIC-0017-S2Q9,TH-NIC-0017-S2Q9,owner,,supercomputing-sw
updated,l10,L10 Test,TH-NIC-0017,LOOPBACK_GROUP_COUNT_MISMATCH,TH-NIC-0017-S2Q9,TH-NIC-0017-S2Q9,since,,harness 2026.226
updated,l10,L10 Test,TH-NIC-0017,LOOPBACK_GROUP_COUNT_MISMATCH,TH-NIC-0017-S2Q9,TH-NIC-0017-S2Q9,doc_url,,https://docs.google.com/document/d/1-_YC_cXvi3FtKd51jIetY9pER8JtCxH5dBE9UvndZWU/edit
updated,l10,L10 Test,TH-NIC-0017,LOOPBACK_GROUP_COUNT_MISMATCH,TH-NIC-0017-S2Q9,TH-NIC-0017-S2Q9,registry_status,sheet only,in registry
updated,l10,L10 Test,TH-NIC-0018,LOOPBACK_TOPOLOGY_INDEX_INVALID,TH-NIC-0018-S5Q9,TH-NIC-0018-S5Q9,category,,5
updated,l10,L10 Test,TH-NIC-0018,LOOPBACK_TOPOLOGY_INDEX_INVALID,TH-NIC-0018-S5Q9,TH-NIC-0018-S5Q9,component,NIC,L10.NIC.NIC
updated,l10,L10 Test,TH-NIC-0018,LOOPBACK_TOPOLOGY_INDEX_INVALID,TH-NIC-0018-S5Q9,TH-NIC-0018-S5Q9,disposition,,ERROR
updated,l10,L10 Test,TH-NIC-0018,LOOPBACK_TOPOLOGY_INDEX_INVALID,TH-NIC-0018-S5Q9,TH-NIC-0018-S5Q9,retryable,,false
updated,l10,L10 Test,TH-NIC-0018,LOOPBACK_TOPOLOGY_INDEX_INVALID,TH-NIC-0018-S5Q9,TH-NIC-0018-S5Q9,owner,,supercomputing-sw
updated,l10,L10 Test,TH-NIC-0018,LOOPBACK_TOPOLOGY_INDEX_INVALID,TH-NIC-0018-S5Q9,TH-NIC-0018-S5Q9,since,,harness 2026.226
updated,l10,L10 Test,TH-NIC-0018,LOOPBACK_TOPOLOGY_INDEX_INVALID,TH-NIC-0018-S5Q9,TH-NIC-0018-S5Q9,doc_url,,https://docs.google.com/document/d/1-_YC_cXvi3FtKd51jIetY9pER8JtCxH5dBE9UvndZWU/edit
updated,l10,L10 Test,TH-NIC-0018,LOOPBACK_TOPOLOGY_INDEX_INVALID,TH-NIC-0018-S5Q9,TH-NIC-0018-S5Q9,registry_status,sheet only,in registry
updated,l10,L10 Test,TH-NIC-0019,RDMA_DEVICE_UNAVAILABLE,TH-NIC-0019-S2Q9,TH-NIC-0019-S2Q9,category,,1
updated,l10,L10 Test,TH-NIC-0019,RDMA_DEVICE_UNAVAILABLE,TH-NIC-0019-S2Q9,TH-NIC-0019-S2Q9,component,NIC,L10.NIC.NIC
updated,l10,L10 Test,TH-NIC-0019,RDMA_DEVICE_UNAVAILABLE,TH-NIC-0019-S2Q9,TH-NIC-0019-S2Q9,disposition,,FAILED
updated,l10,L10 Test,TH-NIC-0019,RDMA_DEVICE_UNAVAILABLE,TH-NIC-0019-S2Q9,TH-NIC-0019-S2Q9,retryable,,false
updated,l10,L10 Test,TH-NIC-0019,RDMA_DEVICE_UNAVAILABLE,TH-NIC-0019-S2Q9,TH-NIC-0019-S2Q9,owner,,supercomputing-sw
updated,l10,L10 Test,TH-NIC-0019,RDMA_DEVICE_UNAVAILABLE,TH-NIC-0019-S2Q9,TH-NIC-0019-S2Q9,since,,harness 2026.226
updated,l10,L10 Test,TH-NIC-0019,RDMA_DEVICE_UNAVAILABLE,TH-NIC-0019-S2Q9,TH-NIC-0019-S2Q9,doc_url,,https://docs.google.com/document/d/1-_YC_cXvi3FtKd51jIetY9pER8JtCxH5dBE9UvndZWU/edit
updated,l10,L10 Test,TH-NIC-0019,RDMA_DEVICE_UNAVAILABLE,TH-NIC-0019-S2Q9,TH-NIC-0019-S2Q9,registry_status,sheet only,in registry
updated,l10,L10 Test,TH-NIC-0020,LOOPBACK_PAIR_CONFIGURATION_FAILED,TH-NIC-0020-S4Q9,TH-NIC-0020-S4Q9,category,,7
updated,l10,L10 Test,TH-NIC-0020,LOOPBACK_PAIR_CONFIGURATION_FAILED,TH-NIC-0020-S4Q9,TH-NIC-0020-S4Q9,component,NIC,L10.NIC.NIC
updated,l10,L10 Test,TH-NIC-0020,LOOPBACK_PAIR_CONFIGURATION_FAILED,TH-NIC-0020-S4Q9,TH-NIC-0020-S4Q9,disposition,,ERROR
updated,l10,L10 Test,TH-NIC-0020,LOOPBACK_PAIR_CONFIGURATION_FAILED,TH-NIC-0020-S4Q9,TH-NIC-0020-S4Q9,retryable,,false
updated,l10,L10 Test,TH-NIC-0020,LOOPBACK_PAIR_CONFIGURATION_FAILED,TH-NIC-0020-S4Q9,TH-NIC-0020-S4Q9,owner,,supercomputing-sw
updated,l10,L10 Test,TH-NIC-0020,LOOPBACK_PAIR_CONFIGURATION_FAILED,TH-NIC-0020-S4Q9,TH-NIC-0020-S4Q9,since,,harness 2026.226
updated,l10,L10 Test,TH-NIC-0020,LOOPBACK_PAIR_CONFIGURATION_FAILED,TH-NIC-0020-S4Q9,TH-NIC-0020-S4Q9,doc_url,,https://docs.google.com/document/d/1-_YC_cXvi3FtKd51jIetY9pER8JtCxH5dBE9UvndZWU/edit
updated,l10,L10 Test,TH-NIC-0020,LOOPBACK_PAIR_CONFIGURATION_FAILED,TH-NIC-0020-S4Q9,TH-NIC-0020-S4Q9,registry_status,sheet only,in registry
updated,l10,L10 Test,TH-NIC-0021,ROCE_GID_UNAVAILABLE,TH-NIC-0021-S4Q9,TH-NIC-0021-S4Q9,category,,1
updated,l10,L10 Test,TH-NIC-0021,ROCE_GID_UNAVAILABLE,TH-NIC-0021-S4Q9,TH-NIC-0021-S4Q9,component,NIC,L10.NIC.NIC
updated,l10,L10 Test,TH-NIC-0021,ROCE_GID_UNAVAILABLE,TH-NIC-0021-S4Q9,TH-NIC-0021-S4Q9,disposition,,ERROR
updated,l10,L10 Test,TH-NIC-0021,ROCE_GID_UNAVAILABLE,TH-NIC-0021-S4Q9,TH-NIC-0021-S4Q9,retryable,,false
updated,l10,L10 Test,TH-NIC-0021,ROCE_GID_UNAVAILABLE,TH-NIC-0021-S4Q9,TH-NIC-0021-S4Q9,owner,,supercomputing-sw
updated,l10,L10 Test,TH-NIC-0021,ROCE_GID_UNAVAILABLE,TH-NIC-0021-S4Q9,TH-NIC-0021-S4Q9,since,,harness 2026.226
updated,l10,L10 Test,TH-NIC-0021,ROCE_GID_UNAVAILABLE,TH-NIC-0021-S4Q9,TH-NIC-0021-S4Q9,doc_url,,https://docs.google.com/document/d/1-_YC_cXvi3FtKd51jIetY9pER8JtCxH5dBE9UvndZWU/edit
updated,l10,L10 Test,TH-NIC-0021,ROCE_GID_UNAVAILABLE,TH-NIC-0021-S4Q9,TH-NIC-0021-S4Q9,registry_status,sheet only,in registry
updated,l10,L10 Test,TH-NIC-0022,LOOPBACK_PROBE_FAILED,TH-NIC-0022-S2Q6,TH-NIC-0022-S2Q6,category,,1
updated,l10,L10 Test,TH-NIC-0022,LOOPBACK_PROBE_FAILED,TH-NIC-0022-S2Q6,TH-NIC-0022-S2Q6,component,NIC,L10.NIC.NIC
updated,l10,L10 Test,TH-NIC-0022,LOOPBACK_PROBE_FAILED,TH-NIC-0022-S2Q6,TH-NIC-0022-S2Q6,disposition,,FAILED
updated,l10,L10 Test,TH-NIC-0022,LOOPBACK_PROBE_FAILED,TH-NIC-0022-S2Q6,TH-NIC-0022-S2Q6,retryable,,true
updated,l10,L10 Test,TH-NIC-0022,LOOPBACK_PROBE_FAILED,TH-NIC-0022-S2Q6,TH-NIC-0022-S2Q6,owner,,supercomputing-sw
updated,l10,L10 Test,TH-NIC-0022,LOOPBACK_PROBE_FAILED,TH-NIC-0022-S2Q6,TH-NIC-0022-S2Q6,since,,harness 2026.226
updated,l10,L10 Test,TH-NIC-0022,LOOPBACK_PROBE_FAILED,TH-NIC-0022-S2Q6,TH-NIC-0022-S2Q6,doc_url,,https://docs.google.com/document/d/1-_YC_cXvi3FtKd51jIetY9pER8JtCxH5dBE9UvndZWU/edit
updated,l10,L10 Test,TH-NIC-0022,LOOPBACK_PROBE_FAILED,TH-NIC-0022-S2Q6,TH-NIC-0022-S2Q6,registry_status,sheet only,in registry
updated,l10,L10 Test,TH-NIC-0023,NO_RDMA_PAIRS_TO_TEST,TH-NIC-0023-S5Q9,TH-NIC-0023-S5Q9,category,,5
updated,l10,L10 Test,TH-NIC-0023,NO_RDMA_PAIRS_TO_TEST,TH-NIC-0023-S5Q9,TH-NIC-0023-S5Q9,component,NIC,L10.NIC.NIC
updated,l10,L10 Test,TH-NIC-0023,NO_RDMA_PAIRS_TO_TEST,TH-NIC-0023-S5Q9,TH-NIC-0023-S5Q9,disposition,,ERROR
updated,l10,L10 Test,TH-NIC-0023,NO_RDMA_PAIRS_TO_TEST,TH-NIC-0023-S5Q9,TH-NIC-0023-S5Q9,retryable,,false
updated,l10,L10 Test,TH-NIC-0023,NO_RDMA_PAIRS_TO_TEST,TH-NIC-0023-S5Q9,TH-NIC-0023-S5Q9,owner,,supercomputing-sw
updated,l10,L10 Test,TH-NIC-0023,NO_RDMA_PAIRS_TO_TEST,TH-NIC-0023-S5Q9,TH-NIC-0023-S5Q9,since,,harness 2026.226
updated,l10,L10 Test,TH-NIC-0023,NO_RDMA_PAIRS_TO_TEST,TH-NIC-0023-S5Q9,TH-NIC-0023-S5Q9,doc_url,,https://docs.google.com/document/d/1-_YC_cXvi3FtKd51jIetY9pER8JtCxH5dBE9UvndZWU/edit
updated,l10,L10 Test,TH-NIC-0023,NO_RDMA_PAIRS_TO_TEST,TH-NIC-0023-S5Q9,TH-NIC-0023-S5Q9,registry_status,sheet only,in registry
updated,l10,L10 Test,TH-NIC-0024,RDMA_SERVER_START_FAILED,TH-NIC-0024-S4Q9,TH-NIC-0024-S4Q9,category,,7
updated,l10,L10 Test,TH-NIC-0024,RDMA_SERVER_START_FAILED,TH-NIC-0024-S4Q9,TH-NIC-0024-S4Q9,component,NIC,L10.NIC.NIC
updated,l10,L10 Test,TH-NIC-0024,RDMA_SERVER_START_FAILED,TH-NIC-0024-S4Q9,TH-NIC-0024-S4Q9,disposition,,ERROR
updated,l10,L10 Test,TH-NIC-0024,RDMA_SERVER_START_FAILED,TH-NIC-0024-S4Q9,TH-NIC-0024-S4Q9,retryable,,false
updated,l10,L10 Test,TH-NIC-0024,RDMA_SERVER_START_FAILED,TH-NIC-0024-S4Q9,TH-NIC-0024-S4Q9,owner,,supercomputing-sw
updated,l10,L10 Test,TH-NIC-0024,RDMA_SERVER_START_FAILED,TH-NIC-0024-S4Q9,TH-NIC-0024-S4Q9,since,,harness 2026.226
updated,l10,L10 Test,TH-NIC-0024,RDMA_SERVER_START_FAILED,TH-NIC-0024-S4Q9,TH-NIC-0024-S4Q9,doc_url,,https://docs.google.com/document/d/1-_YC_cXvi3FtKd51jIetY9pER8JtCxH5dBE9UvndZWU/edit
updated,l10,L10 Test,TH-NIC-0024,RDMA_SERVER_START_FAILED,TH-NIC-0024-S4Q9,TH-NIC-0024-S4Q9,registry_status,sheet only,in registry
updated,l10,L10 Test,TH-NIC-0025,RDMA_CLIENT_EXECUTION_FAILED,TH-NIC-0025-S2Q6,TH-NIC-0025-S2Q6,category,,1
updated,l10,L10 Test,TH-NIC-0025,RDMA_CLIENT_EXECUTION_FAILED,TH-NIC-0025-S2Q6,TH-NIC-0025-S2Q6,component,NIC,L10.NIC.NIC
updated,l10,L10 Test,TH-NIC-0025,RDMA_CLIENT_EXECUTION_FAILED,TH-NIC-0025-S2Q6,TH-NIC-0025-S2Q6,disposition,,FAILED
updated,l10,L10 Test,TH-NIC-0025,RDMA_CLIENT_EXECUTION_FAILED,TH-NIC-0025-S2Q6,TH-NIC-0025-S2Q6,retryable,,true
updated,l10,L10 Test,TH-NIC-0025,RDMA_CLIENT_EXECUTION_FAILED,TH-NIC-0025-S2Q6,TH-NIC-0025-S2Q6,owner,,supercomputing-sw
updated,l10,L10 Test,TH-NIC-0025,RDMA_CLIENT_EXECUTION_FAILED,TH-NIC-0025-S2Q6,TH-NIC-0025-S2Q6,since,,harness 2026.226
updated,l10,L10 Test,TH-NIC-0025,RDMA_CLIENT_EXECUTION_FAILED,TH-NIC-0025-S2Q6,TH-NIC-0025-S2Q6,doc_url,,https://docs.google.com/document/d/1-_YC_cXvi3FtKd51jIetY9pER8JtCxH5dBE9UvndZWU/edit
updated,l10,L10 Test,TH-NIC-0025,RDMA_CLIENT_EXECUTION_FAILED,TH-NIC-0025-S2Q6,TH-NIC-0025-S2Q6,registry_status,sheet only,in registry
updated,l10,L10 Test,TH-NIC-0026,RDMA_BANDWIDTH_OUTPUT_INVALID,TH-NIC-0026-S4Q9,TH-NIC-0026-S4Q9,category,,7
updated,l10,L10 Test,TH-NIC-0026,RDMA_BANDWIDTH_OUTPUT_INVALID,TH-NIC-0026-S4Q9,TH-NIC-0026-S4Q9,component,NIC,L10.NIC.NIC
updated,l10,L10 Test,TH-NIC-0026,RDMA_BANDWIDTH_OUTPUT_INVALID,TH-NIC-0026-S4Q9,TH-NIC-0026-S4Q9,disposition,,ERROR
updated,l10,L10 Test,TH-NIC-0026,RDMA_BANDWIDTH_OUTPUT_INVALID,TH-NIC-0026-S4Q9,TH-NIC-0026-S4Q9,retryable,,false
updated,l10,L10 Test,TH-NIC-0026,RDMA_BANDWIDTH_OUTPUT_INVALID,TH-NIC-0026-S4Q9,TH-NIC-0026-S4Q9,owner,,supercomputing-sw
updated,l10,L10 Test,TH-NIC-0026,RDMA_BANDWIDTH_OUTPUT_INVALID,TH-NIC-0026-S4Q9,TH-NIC-0026-S4Q9,since,,harness 2026.226
updated,l10,L10 Test,TH-NIC-0026,RDMA_BANDWIDTH_OUTPUT_INVALID,TH-NIC-0026-S4Q9,TH-NIC-0026-S4Q9,doc_url,,https://docs.google.com/document/d/1-_YC_cXvi3FtKd51jIetY9pER8JtCxH5dBE9UvndZWU/edit
updated,l10,L10 Test,TH-NIC-0026,RDMA_BANDWIDTH_OUTPUT_INVALID,TH-NIC-0026-S4Q9,TH-NIC-0026-S4Q9,registry_status,sheet only,in registry
updated,l10,L10 Test,TH-NIC-0027,RDMA_BANDWIDTH_BELOW_THRESHOLD,TH-NIC-0027-S2Q9,TH-NIC-0027-S2Q9,category,,1
updated,l10,L10 Test,TH-NIC-0027,RDMA_BANDWIDTH_BELOW_THRESHOLD,TH-NIC-0027-S2Q9,TH-NIC-0027-S2Q9,component,NIC,L10.NIC.NIC
updated,l10,L10 Test,TH-NIC-0027,RDMA_BANDWIDTH_BELOW_THRESHOLD,TH-NIC-0027-S2Q9,TH-NIC-0027-S2Q9,disposition,,FAILED
updated,l10,L10 Test,TH-NIC-0027,RDMA_BANDWIDTH_BELOW_THRESHOLD,TH-NIC-0027-S2Q9,TH-NIC-0027-S2Q9,retryable,,false
updated,l10,L10 Test,TH-NIC-0027,RDMA_BANDWIDTH_BELOW_THRESHOLD,TH-NIC-0027-S2Q9,TH-NIC-0027-S2Q9,owner,,supercomputing-sw
updated,l10,L10 Test,TH-NIC-0027,RDMA_BANDWIDTH_BELOW_THRESHOLD,TH-NIC-0027-S2Q9,TH-NIC-0027-S2Q9,since,,harness 2026.226
updated,l10,L10 Test,TH-NIC-0027,RDMA_BANDWIDTH_BELOW_THRESHOLD,TH-NIC-0027-S2Q9,TH-NIC-0027-S2Q9,doc_url,,https://docs.google.com/document/d/1-_YC_cXvi3FtKd51jIetY9pER8JtCxH5dBE9UvndZWU/edit
updated,l10,L10 Test,TH-NIC-0027,RDMA_BANDWIDTH_BELOW_THRESHOLD,TH-NIC-0027-S2Q9,TH-NIC-0027-S2Q9,registry_status,sheet only,in registry
updated,l10,L10 Test,TH-NIC-0028,NIC_RAIL_CONFIG_UNAVAILABLE,TH-NIC-0028-S5Q9,TH-NIC-0028-S5Q9,category,,5
updated,l10,L10 Test,TH-NIC-0028,NIC_RAIL_CONFIG_UNAVAILABLE,TH-NIC-0028-S5Q9,TH-NIC-0028-S5Q9,component,NIC ASIC Rails,L10.NIC.ASIC_RAILS
updated,l10,L10 Test,TH-NIC-0028,NIC_RAIL_CONFIG_UNAVAILABLE,TH-NIC-0028-S5Q9,TH-NIC-0028-S5Q9,disposition,,ERROR
updated,l10,L10 Test,TH-NIC-0028,NIC_RAIL_CONFIG_UNAVAILABLE,TH-NIC-0028-S5Q9,TH-NIC-0028-S5Q9,retryable,,false
updated,l10,L10 Test,TH-NIC-0028,NIC_RAIL_CONFIG_UNAVAILABLE,TH-NIC-0028-S5Q9,TH-NIC-0028-S5Q9,owner,,supercomputing-sw
updated,l10,L10 Test,TH-NIC-0028,NIC_RAIL_CONFIG_UNAVAILABLE,TH-NIC-0028-S5Q9,TH-NIC-0028-S5Q9,since,,harness 2026.226
updated,l10,L10 Test,TH-NIC-0028,NIC_RAIL_CONFIG_UNAVAILABLE,TH-NIC-0028-S5Q9,TH-NIC-0028-S5Q9,doc_url,,https://docs.google.com/document/d/1-_YC_cXvi3FtKd51jIetY9pER8JtCxH5dBE9UvndZWU/edit
updated,l10,L10 Test,TH-NIC-0028,NIC_RAIL_CONFIG_UNAVAILABLE,TH-NIC-0028-S5Q9,TH-NIC-0028-S5Q9,registry_status,sheet only,in registry
updated,l10,L10 Test,TH-NIC-0029,NIC_RAIL_READING_UNAVAILABLE,TH-NIC-0029-S4Q9,TH-NIC-0029-S4Q9,category,,6
updated,l10,L10 Test,TH-NIC-0029,NIC_RAIL_READING_UNAVAILABLE,TH-NIC-0029-S4Q9,TH-NIC-0029-S4Q9,component,NIC ASIC Rails,L10.NIC.ASIC_RAILS
updated,l10,L10 Test,TH-NIC-0029,NIC_RAIL_READING_UNAVAILABLE,TH-NIC-0029-S4Q9,TH-NIC-0029-S4Q9,disposition,,ERROR
updated,l10,L10 Test,TH-NIC-0029,NIC_RAIL_READING_UNAVAILABLE,TH-NIC-0029-S4Q9,TH-NIC-0029-S4Q9,retryable,,false
updated,l10,L10 Test,TH-NIC-0029,NIC_RAIL_READING_UNAVAILABLE,TH-NIC-0029-S4Q9,TH-NIC-0029-S4Q9,owner,,supercomputing-sw
updated,l10,L10 Test,TH-NIC-0029,NIC_RAIL_READING_UNAVAILABLE,TH-NIC-0029-S4Q9,TH-NIC-0029-S4Q9,since,,harness 2026.226
updated,l10,L10 Test,TH-NIC-0029,NIC_RAIL_READING_UNAVAILABLE,TH-NIC-0029-S4Q9,TH-NIC-0029-S4Q9,doc_url,,https://docs.google.com/document/d/1-_YC_cXvi3FtKd51jIetY9pER8JtCxH5dBE9UvndZWU/edit
updated,l10,L10 Test,TH-NIC-0029,NIC_RAIL_READING_UNAVAILABLE,TH-NIC-0029-S4Q9,TH-NIC-0029-S4Q9,registry_status,sheet only,in registry
updated,l10,L10 Test,TH-NIC-0030,NIC_RAIL_OUT_OF_RANGE,TH-NIC-0030-S2Q9,TH-NIC-0030-S2Q9,category,,6
updated,l10,L10 Test,TH-NIC-0030,NIC_RAIL_OUT_OF_RANGE,TH-NIC-0030-S2Q9,TH-NIC-0030-S2Q9,component,NIC ASIC Rails,L10.NIC.ASIC_RAILS
updated,l10,L10 Test,TH-NIC-0030,NIC_RAIL_OUT_OF_RANGE,TH-NIC-0030-S2Q9,TH-NIC-0030-S2Q9,disposition,,FAILED
updated,l10,L10 Test,TH-NIC-0030,NIC_RAIL_OUT_OF_RANGE,TH-NIC-0030-S2Q9,TH-NIC-0030-S2Q9,retryable,,false
updated,l10,L10 Test,TH-NIC-0030,NIC_RAIL_OUT_OF_RANGE,TH-NIC-0030-S2Q9,TH-NIC-0030-S2Q9,owner,,supercomputing-sw
updated,l10,L10 Test,TH-NIC-0030,NIC_RAIL_OUT_OF_RANGE,TH-NIC-0030-S2Q9,TH-NIC-0030-S2Q9,since,,harness 2026.226
updated,l10,L10 Test,TH-NIC-0030,NIC_RAIL_OUT_OF_RANGE,TH-NIC-0030-S2Q9,TH-NIC-0030-S2Q9,doc_url,,https://docs.google.com/document/d/1-_YC_cXvi3FtKd51jIetY9pER8JtCxH5dBE9UvndZWU/edit
updated,l10,L10 Test,TH-NIC-0030,NIC_RAIL_OUT_OF_RANGE,TH-NIC-0030-S2Q9,TH-NIC-0030-S2Q9,registry_status,sheet only,in registry
updated,l10,L10 Test,TH-NIC-0031,NIC_FIRMWARE_UPDATE_FAILED,TH-NIC-0031-S4Q9,TH-NIC-0031-S4Q9,category,,5
updated,l10,L10 Test,TH-NIC-0031,NIC_FIRMWARE_UPDATE_FAILED,TH-NIC-0031-S4Q9,TH-NIC-0031-S4Q9,component,NIC,L10.NIC.NIC
updated,l10,L10 Test,TH-NIC-0031,NIC_FIRMWARE_UPDATE_FAILED,TH-NIC-0031-S4Q9,TH-NIC-0031-S4Q9,disposition,,FAILED
updated,l10,L10 Test,TH-NIC-0031,NIC_FIRMWARE_UPDATE_FAILED,TH-NIC-0031-S4Q9,TH-NIC-0031-S4Q9,retryable,,false
updated,l10,L10 Test,TH-NIC-0031,NIC_FIRMWARE_UPDATE_FAILED,TH-NIC-0031-S4Q9,TH-NIC-0031-S4Q9,owner,,supercomputing-sw
updated,l10,L10 Test,TH-NIC-0031,NIC_FIRMWARE_UPDATE_FAILED,TH-NIC-0031-S4Q9,TH-NIC-0031-S4Q9,since,,harness 2026.226
updated,l10,L10 Test,TH-NIC-0031,NIC_FIRMWARE_UPDATE_FAILED,TH-NIC-0031-S4Q9,TH-NIC-0031-S4Q9,doc_url,,https://docs.google.com/document/d/1-_YC_cXvi3FtKd51jIetY9pER8JtCxH5dBE9UvndZWU/edit
updated,l10,L10 Test,TH-NIC-0031,NIC_FIRMWARE_UPDATE_FAILED,TH-NIC-0031-S4Q9,TH-NIC-0031-S4Q9,registry_status,sheet only,in registry
updated,l10,L10 Test,TH-NIC-0032,NIC_CONFIGURATION_APPLY_FAILED,TH-NIC-0032-S4Q9,TH-NIC-0032-S4Q9,category,,5
updated,l10,L10 Test,TH-NIC-0032,NIC_CONFIGURATION_APPLY_FAILED,TH-NIC-0032-S4Q9,TH-NIC-0032-S4Q9,component,NIC,L10.NIC.NIC
updated,l10,L10 Test,TH-NIC-0032,NIC_CONFIGURATION_APPLY_FAILED,TH-NIC-0032-S4Q9,TH-NIC-0032-S4Q9,disposition,,FAILED
updated,l10,L10 Test,TH-NIC-0032,NIC_CONFIGURATION_APPLY_FAILED,TH-NIC-0032-S4Q9,TH-NIC-0032-S4Q9,retryable,,false
updated,l10,L10 Test,TH-NIC-0032,NIC_CONFIGURATION_APPLY_FAILED,TH-NIC-0032-S4Q9,TH-NIC-0032-S4Q9,owner,,supercomputing-sw
updated,l10,L10 Test,TH-NIC-0032,NIC_CONFIGURATION_APPLY_FAILED,TH-NIC-0032-S4Q9,TH-NIC-0032-S4Q9,since,,harness 2026.226
updated,l10,L10 Test,TH-NIC-0032,NIC_CONFIGURATION_APPLY_FAILED,TH-NIC-0032-S4Q9,TH-NIC-0032-S4Q9,doc_url,,https://docs.google.com/document/d/1-_YC_cXvi3FtKd51jIetY9pER8JtCxH5dBE9UvndZWU/edit
updated,l10,L10 Test,TH-NIC-0032,NIC_CONFIGURATION_APPLY_FAILED,TH-NIC-0032-S4Q9,TH-NIC-0032-S4Q9,registry_status,sheet only,in registry
updated,l10,L10 Test,TH-NIC-0033,NIC_POST_UPDATE_VERIFY_FAILED,TH-NIC-0033-S4Q9,TH-NIC-0033-S4Q9,category,,5
updated,l10,L10 Test,TH-NIC-0033,NIC_POST_UPDATE_VERIFY_FAILED,TH-NIC-0033-S4Q9,TH-NIC-0033-S4Q9,component,NIC,L10.NIC.NIC
updated,l10,L10 Test,TH-NIC-0033,NIC_POST_UPDATE_VERIFY_FAILED,TH-NIC-0033-S4Q9,TH-NIC-0033-S4Q9,disposition,,FAILED
updated,l10,L10 Test,TH-NIC-0033,NIC_POST_UPDATE_VERIFY_FAILED,TH-NIC-0033-S4Q9,TH-NIC-0033-S4Q9,retryable,,false
updated,l10,L10 Test,TH-NIC-0033,NIC_POST_UPDATE_VERIFY_FAILED,TH-NIC-0033-S4Q9,TH-NIC-0033-S4Q9,owner,,supercomputing-sw
updated,l10,L10 Test,TH-NIC-0033,NIC_POST_UPDATE_VERIFY_FAILED,TH-NIC-0033-S4Q9,TH-NIC-0033-S4Q9,since,,harness 2026.226
updated,l10,L10 Test,TH-NIC-0033,NIC_POST_UPDATE_VERIFY_FAILED,TH-NIC-0033-S4Q9,TH-NIC-0033-S4Q9,doc_url,,https://docs.google.com/document/d/1-_YC_cXvi3FtKd51jIetY9pER8JtCxH5dBE9UvndZWU/edit
updated,l10,L10 Test,TH-NIC-0033,NIC_POST_UPDATE_VERIFY_FAILED,TH-NIC-0033-S4Q9,TH-NIC-0033-S4Q9,registry_status,sheet only,in registry
updated,l10,L10 Test,TH-NIC-0034,NIC_MAC_ADDRESS_UNAVAILABLE,TH-NIC-0034-S4Q9,TH-NIC-0034-S4Q9,category,,11
updated,l10,L10 Test,TH-NIC-0034,NIC_MAC_ADDRESS_UNAVAILABLE,TH-NIC-0034-S4Q9,TH-NIC-0034-S4Q9,component,NIC,L10.NIC.NIC
updated,l10,L10 Test,TH-NIC-0034,NIC_MAC_ADDRESS_UNAVAILABLE,TH-NIC-0034-S4Q9,TH-NIC-0034-S4Q9,disposition,,ERROR
updated,l10,L10 Test,TH-NIC-0034,NIC_MAC_ADDRESS_UNAVAILABLE,TH-NIC-0034-S4Q9,TH-NIC-0034-S4Q9,retryable,,false
updated,l10,L10 Test,TH-NIC-0034,NIC_MAC_ADDRESS_UNAVAILABLE,TH-NIC-0034-S4Q9,TH-NIC-0034-S4Q9,owner,,supercomputing-sw
updated,l10,L10 Test,TH-NIC-0034,NIC_MAC_ADDRESS_UNAVAILABLE,TH-NIC-0034-S4Q9,TH-NIC-0034-S4Q9,since,,harness 2026.226
updated,l10,L10 Test,TH-NIC-0034,NIC_MAC_ADDRESS_UNAVAILABLE,TH-NIC-0034-S4Q9,TH-NIC-0034-S4Q9,doc_url,,https://docs.google.com/document/d/1-_YC_cXvi3FtKd51jIetY9pER8JtCxH5dBE9UvndZWU/edit
updated,l10,L10 Test,TH-NIC-0034,NIC_MAC_ADDRESS_UNAVAILABLE,TH-NIC-0034-S4Q9,TH-NIC-0034-S4Q9,registry_status,sheet only,in registry
updated,l10,L10 Test,TH-NIC-0035,NIC_LINK_RECOVERY_FAILED,TH-NIC-0035-S2Q6,TH-NIC-0035-S2Q6,category,,1
updated,l10,L10 Test,TH-NIC-0035,NIC_LINK_RECOVERY_FAILED,TH-NIC-0035-S2Q6,TH-NIC-0035-S2Q6,component,NIC,L10.NIC.NIC
updated,l10,L10 Test,TH-NIC-0035,NIC_LINK_RECOVERY_FAILED,TH-NIC-0035-S2Q6,TH-NIC-0035-S2Q6,disposition,,FAILED
updated,l10,L10 Test,TH-NIC-0035,NIC_LINK_RECOVERY_FAILED,TH-NIC-0035-S2Q6,TH-NIC-0035-S2Q6,retryable,,true
updated,l10,L10 Test,TH-NIC-0035,NIC_LINK_RECOVERY_FAILED,TH-NIC-0035-S2Q6,TH-NIC-0035-S2Q6,owner,,supercomputing-sw
updated,l10,L10 Test,TH-NIC-0035,NIC_LINK_RECOVERY_FAILED,TH-NIC-0035-S2Q6,TH-NIC-0035-S2Q6,since,,harness 2026.226
updated,l10,L10 Test,TH-NIC-0035,NIC_LINK_RECOVERY_FAILED,TH-NIC-0035-S2Q6,TH-NIC-0035-S2Q6,doc_url,,https://docs.google.com/document/d/1-_YC_cXvi3FtKd51jIetY9pER8JtCxH5dBE9UvndZWU/edit
updated,l10,L10 Test,TH-NIC-0035,NIC_LINK_RECOVERY_FAILED,TH-NIC-0035-S2Q6,TH-NIC-0035-S2Q6,registry_status,sheet only,in registry
updated,l10,L10 Test,TH-PCIE-0001,PCIE_LINK_STATE_MISMATCH,TH-PCIE-0001-S2Q6,TH-PCIE-0001-S2Q6,component,PCIE,L10.PCIE.HOST_PCIE
updated,l10,L10 Test,TH-PCIE-0001,PCIE_LINK_STATE_MISMATCH,TH-PCIE-0001-S2Q6,TH-PCIE-0001-S2Q6,since,harness 2026.216,harness 2026.226
updated,l10,L10 Test,TH-PCIE-0001,PCIE_LINK_STATE_MISMATCH,TH-PCIE-0001-S2Q6,TH-PCIE-0001-S2Q6,doc_url,https://github.com/etched-ai/sw/blob/master/host/system_test/error_codes/doc/SohuPcieAerCheckTestCase.md#TH-PCIE-0001,https://docs.google.com/document/d/1-_YC_cXvi3FtKd51jIetY9pER8JtCxH5dBE9UvndZWU/edit
updated,l10,L10 Test,TH-PCIE-0003,PCIE_CSRAM_DMA_THROUGHPUT_BELOW_THRESHOLD,TH-PCIE-0003-S2Q9,TH-PCIE-0003-S2Q9,component,PCIE,L10.PCIE.HOST_PCIE
updated,l10,L10 Test,TH-PCIE-0003,PCIE_CSRAM_DMA_THROUGHPUT_BELOW_THRESHOLD,TH-PCIE-0003-S2Q9,TH-PCIE-0003-S2Q9,since,harness 2026.216,harness 2026.226
updated,l10,L10 Test,TH-PCIE-0003,PCIE_CSRAM_DMA_THROUGHPUT_BELOW_THRESHOLD,TH-PCIE-0003-S2Q9,TH-PCIE-0003-S2Q9,doc_url,https://github.com/etched-ai/sw/blob/master/host/system_test/error_codes/doc/SohuPcieCsramThroughputTestCase.md#TH-PCIE-0003,https://docs.google.com/document/d/1-_YC_cXvi3FtKd51jIetY9pER8JtCxH5dBE9UvndZWU/edit
updated,l10,L10 Test,TH-PCIE-0005,PCIE_HBM_DMA_THROUGHPUT_BELOW_THRESHOLD,TH-PCIE-0005-S2Q9,TH-PCIE-0005-S2Q9,component,PCIE,L10.PCIE.HOST_PCIE
updated,l10,L10 Test,TH-PCIE-0005,PCIE_HBM_DMA_THROUGHPUT_BELOW_THRESHOLD,TH-PCIE-0005-S2Q9,TH-PCIE-0005-S2Q9,since,harness 2026.216,harness 2026.226
updated,l10,L10 Test,TH-PCIE-0005,PCIE_HBM_DMA_THROUGHPUT_BELOW_THRESHOLD,TH-PCIE-0005-S2Q9,TH-PCIE-0005-S2Q9,doc_url,https://github.com/etched-ai/sw/blob/master/host/system_test/error_codes/doc/SohuDmaTestCase.md#TH-PCIE-0005,https://docs.google.com/document/d/1-_YC_cXvi3FtKd51jIetY9pER8JtCxH5dBE9UvndZWU/edit
updated,l10,L10 Test,TH-PCIE-0008,SOHU_ENDPOINT_NOT_ENUMERATED,TH-PCIE-0008-S2Q6,TH-PCIE-0008-S2Q6,component,PCIE,L10.PCIE.HOST_PCIE
updated,l10,L10 Test,TH-PCIE-0008,SOHU_ENDPOINT_NOT_ENUMERATED,TH-PCIE-0008-S2Q6,TH-PCIE-0008-S2Q6,since,harness 2026.217,harness 2026.226
updated,l10,L10 Test,TH-PCIE-0008,SOHU_ENDPOINT_NOT_ENUMERATED,TH-PCIE-0008-S2Q6,TH-PCIE-0008-S2Q6,doc_url,https://github.com/etched-ai/sw/blob/master/host/system_test/error_codes/doc/PcieSetupTestCase.md#TH-PCIE-0008,https://docs.google.com/document/d/1-_YC_cXvi3FtKd51jIetY9pER8JtCxH5dBE9UvndZWU/edit
updated,l10,L10 Test,TH-PCIE-0009,PCIE_EXPECTED_TOPOLOGY_UNAVAILABLE,TH-PCIE-0009-S5Q9,TH-PCIE-0009-S5Q9,category,,5
updated,l10,L10 Test,TH-PCIE-0009,PCIE_EXPECTED_TOPOLOGY_UNAVAILABLE,TH-PCIE-0009-S5Q9,TH-PCIE-0009-S5Q9,component,PCIe,L10.PCIE.HOST_PCIE
updated,l10,L10 Test,TH-PCIE-0009,PCIE_EXPECTED_TOPOLOGY_UNAVAILABLE,TH-PCIE-0009-S5Q9,TH-PCIE-0009-S5Q9,disposition,,ERROR
updated,l10,L10 Test,TH-PCIE-0009,PCIE_EXPECTED_TOPOLOGY_UNAVAILABLE,TH-PCIE-0009-S5Q9,TH-PCIE-0009-S5Q9,retryable,,false
updated,l10,L10 Test,TH-PCIE-0009,PCIE_EXPECTED_TOPOLOGY_UNAVAILABLE,TH-PCIE-0009-S5Q9,TH-PCIE-0009-S5Q9,owner,,supercomputing-sw
updated,l10,L10 Test,TH-PCIE-0009,PCIE_EXPECTED_TOPOLOGY_UNAVAILABLE,TH-PCIE-0009-S5Q9,TH-PCIE-0009-S5Q9,since,,harness 2026.226
updated,l10,L10 Test,TH-PCIE-0009,PCIE_EXPECTED_TOPOLOGY_UNAVAILABLE,TH-PCIE-0009-S5Q9,TH-PCIE-0009-S5Q9,doc_url,,https://docs.google.com/document/d/1-_YC_cXvi3FtKd51jIetY9pER8JtCxH5dBE9UvndZWU/edit
updated,l10,L10 Test,TH-PCIE-0009,PCIE_EXPECTED_TOPOLOGY_UNAVAILABLE,TH-PCIE-0009-S5Q9,TH-PCIE-0009-S5Q9,registry_status,sheet only,in registry
updated,l10,L10 Test,TH-PCIE-0010,PCIE_INVENTORY_QUERY_FAILED,TH-PCIE-0010-S4Q9,TH-PCIE-0010-S4Q9,category,,7
updated,l10,L10 Test,TH-PCIE-0010,PCIE_INVENTORY_QUERY_FAILED,TH-PCIE-0010-S4Q9,TH-PCIE-0010-S4Q9,component,PCIe,L10.PCIE.HOST_PCIE
updated,l10,L10 Test,TH-PCIE-0010,PCIE_INVENTORY_QUERY_FAILED,TH-PCIE-0010-S4Q9,TH-PCIE-0010-S4Q9,disposition,,ERROR
updated,l10,L10 Test,TH-PCIE-0010,PCIE_INVENTORY_QUERY_FAILED,TH-PCIE-0010-S4Q9,TH-PCIE-0010-S4Q9,retryable,,false
updated,l10,L10 Test,TH-PCIE-0010,PCIE_INVENTORY_QUERY_FAILED,TH-PCIE-0010-S4Q9,TH-PCIE-0010-S4Q9,owner,,supercomputing-sw
updated,l10,L10 Test,TH-PCIE-0010,PCIE_INVENTORY_QUERY_FAILED,TH-PCIE-0010-S4Q9,TH-PCIE-0010-S4Q9,since,,harness 2026.226
updated,l10,L10 Test,TH-PCIE-0010,PCIE_INVENTORY_QUERY_FAILED,TH-PCIE-0010-S4Q9,TH-PCIE-0010-S4Q9,doc_url,,https://docs.google.com/document/d/1-_YC_cXvi3FtKd51jIetY9pER8JtCxH5dBE9UvndZWU/edit
updated,l10,L10 Test,TH-PCIE-0010,PCIE_INVENTORY_QUERY_FAILED,TH-PCIE-0010-S4Q9,TH-PCIE-0010-S4Q9,registry_status,sheet only,in registry
updated,l10,L10 Test,TH-PCIE-0011,PCIE_INVENTORY_OUTPUT_INVALID,TH-PCIE-0011-S4Q9,TH-PCIE-0011-S4Q9,category,,7
updated,l10,L10 Test,TH-PCIE-0011,PCIE_INVENTORY_OUTPUT_INVALID,TH-PCIE-0011-S4Q9,TH-PCIE-0011-S4Q9,component,PCIe,L10.PCIE.HOST_PCIE
updated,l10,L10 Test,TH-PCIE-0011,PCIE_INVENTORY_OUTPUT_INVALID,TH-PCIE-0011-S4Q9,TH-PCIE-0011-S4Q9,disposition,,ERROR
updated,l10,L10 Test,TH-PCIE-0011,PCIE_INVENTORY_OUTPUT_INVALID,TH-PCIE-0011-S4Q9,TH-PCIE-0011-S4Q9,retryable,,false
updated,l10,L10 Test,TH-PCIE-0011,PCIE_INVENTORY_OUTPUT_INVALID,TH-PCIE-0011-S4Q9,TH-PCIE-0011-S4Q9,owner,,supercomputing-sw
updated,l10,L10 Test,TH-PCIE-0011,PCIE_INVENTORY_OUTPUT_INVALID,TH-PCIE-0011-S4Q9,TH-PCIE-0011-S4Q9,since,,harness 2026.226
updated,l10,L10 Test,TH-PCIE-0011,PCIE_INVENTORY_OUTPUT_INVALID,TH-PCIE-0011-S4Q9,TH-PCIE-0011-S4Q9,doc_url,,https://docs.google.com/document/d/1-_YC_cXvi3FtKd51jIetY9pER8JtCxH5dBE9UvndZWU/edit
updated,l10,L10 Test,TH-PCIE-0011,PCIE_INVENTORY_OUTPUT_INVALID,TH-PCIE-0011-S4Q9,TH-PCIE-0011-S4Q9,registry_status,sheet only,in registry
updated,l10,L10 Test,TH-PCIE-0012,PCIE_TOPOLOGY_SPEC_INVALID,TH-PCIE-0012-S5Q9,TH-PCIE-0012-S5Q9,category,,5
updated,l10,L10 Test,TH-PCIE-0012,PCIE_TOPOLOGY_SPEC_INVALID,TH-PCIE-0012-S5Q9,TH-PCIE-0012-S5Q9,component,PCIe,L10.PCIE.HOST_PCIE
updated,l10,L10 Test,TH-PCIE-0012,PCIE_TOPOLOGY_SPEC_INVALID,TH-PCIE-0012-S5Q9,TH-PCIE-0012-S5Q9,disposition,,ERROR
updated,l10,L10 Test,TH-PCIE-0012,PCIE_TOPOLOGY_SPEC_INVALID,TH-PCIE-0012-S5Q9,TH-PCIE-0012-S5Q9,retryable,,false
updated,l10,L10 Test,TH-PCIE-0012,PCIE_TOPOLOGY_SPEC_INVALID,TH-PCIE-0012-S5Q9,TH-PCIE-0012-S5Q9,owner,,supercomputing-sw
updated,l10,L10 Test,TH-PCIE-0012,PCIE_TOPOLOGY_SPEC_INVALID,TH-PCIE-0012-S5Q9,TH-PCIE-0012-S5Q9,since,,harness 2026.226
updated,l10,L10 Test,TH-PCIE-0012,PCIE_TOPOLOGY_SPEC_INVALID,TH-PCIE-0012-S5Q9,TH-PCIE-0012-S5Q9,doc_url,,https://docs.google.com/document/d/1-_YC_cXvi3FtKd51jIetY9pER8JtCxH5dBE9UvndZWU/edit
updated,l10,L10 Test,TH-PCIE-0012,PCIE_TOPOLOGY_SPEC_INVALID,TH-PCIE-0012-S5Q9,TH-PCIE-0012-S5Q9,registry_status,sheet only,in registry
updated,l10,L10 Test,TH-PCIE-0013,PCIE_TOPOLOGY_MISMATCH,TH-PCIE-0013-S2Q6,TH-PCIE-0013-S2Q6,category,,6
updated,l10,L10 Test,TH-PCIE-0013,PCIE_TOPOLOGY_MISMATCH,TH-PCIE-0013-S2Q6,TH-PCIE-0013-S2Q6,component,PCIe,L10.PCIE.HOST_PCIE
updated,l10,L10 Test,TH-PCIE-0013,PCIE_TOPOLOGY_MISMATCH,TH-PCIE-0013-S2Q6,TH-PCIE-0013-S2Q6,disposition,,FAILED
updated,l10,L10 Test,TH-PCIE-0013,PCIE_TOPOLOGY_MISMATCH,TH-PCIE-0013-S2Q6,TH-PCIE-0013-S2Q6,retryable,,true
updated,l10,L10 Test,TH-PCIE-0013,PCIE_TOPOLOGY_MISMATCH,TH-PCIE-0013-S2Q6,TH-PCIE-0013-S2Q6,owner,,supercomputing-sw
updated,l10,L10 Test,TH-PCIE-0013,PCIE_TOPOLOGY_MISMATCH,TH-PCIE-0013-S2Q6,TH-PCIE-0013-S2Q6,since,,harness 2026.226
updated,l10,L10 Test,TH-PCIE-0013,PCIE_TOPOLOGY_MISMATCH,TH-PCIE-0013-S2Q6,TH-PCIE-0013-S2Q6,doc_url,,https://docs.google.com/document/d/1-_YC_cXvi3FtKd51jIetY9pER8JtCxH5dBE9UvndZWU/edit
updated,l10,L10 Test,TH-PCIE-0013,PCIE_TOPOLOGY_MISMATCH,TH-PCIE-0013-S2Q6,TH-PCIE-0013-S2Q6,registry_status,sheet only,in registry
updated,l10,L10 Test,TH-PCIE-0014,PCIE_DEVICE_IDENTITY_MISMATCH,TH-PCIE-0014-S2Q9,TH-PCIE-0014-S2Q9,category,,11
updated,l10,L10 Test,TH-PCIE-0014,PCIE_DEVICE_IDENTITY_MISMATCH,TH-PCIE-0014-S2Q9,TH-PCIE-0014-S2Q9,component,PCIe,L10.PCIE.HOST_PCIE
updated,l10,L10 Test,TH-PCIE-0014,PCIE_DEVICE_IDENTITY_MISMATCH,TH-PCIE-0014-S2Q9,TH-PCIE-0014-S2Q9,disposition,,FAILED
updated,l10,L10 Test,TH-PCIE-0014,PCIE_DEVICE_IDENTITY_MISMATCH,TH-PCIE-0014-S2Q9,TH-PCIE-0014-S2Q9,retryable,,false
updated,l10,L10 Test,TH-PCIE-0014,PCIE_DEVICE_IDENTITY_MISMATCH,TH-PCIE-0014-S2Q9,TH-PCIE-0014-S2Q9,owner,,supercomputing-sw
updated,l10,L10 Test,TH-PCIE-0014,PCIE_DEVICE_IDENTITY_MISMATCH,TH-PCIE-0014-S2Q9,TH-PCIE-0014-S2Q9,since,,harness 2026.226
updated,l10,L10 Test,TH-PCIE-0014,PCIE_DEVICE_IDENTITY_MISMATCH,TH-PCIE-0014-S2Q9,TH-PCIE-0014-S2Q9,doc_url,,https://docs.google.com/document/d/1-_YC_cXvi3FtKd51jIetY9pER8JtCxH5dBE9UvndZWU/edit
updated,l10,L10 Test,TH-PCIE-0014,PCIE_DEVICE_IDENTITY_MISMATCH,TH-PCIE-0014-S2Q9,TH-PCIE-0014-S2Q9,registry_status,sheet only,in registry
updated,l10,L10 Test,TH-PCIE-0015,PCIE_DUPLICATE_BDF,TH-PCIE-0015-S4Q9,TH-PCIE-0015-S4Q9,category,,11
updated,l10,L10 Test,TH-PCIE-0015,PCIE_DUPLICATE_BDF,TH-PCIE-0015-S4Q9,TH-PCIE-0015-S4Q9,component,PCIe,L10.PCIE.HOST_PCIE
updated,l10,L10 Test,TH-PCIE-0015,PCIE_DUPLICATE_BDF,TH-PCIE-0015-S4Q9,TH-PCIE-0015-S4Q9,disposition,,FAILED
updated,l10,L10 Test,TH-PCIE-0015,PCIE_DUPLICATE_BDF,TH-PCIE-0015-S4Q9,TH-PCIE-0015-S4Q9,retryable,,false
updated,l10,L10 Test,TH-PCIE-0015,PCIE_DUPLICATE_BDF,TH-PCIE-0015-S4Q9,TH-PCIE-0015-S4Q9,owner,,supercomputing-sw
updated,l10,L10 Test,TH-PCIE-0015,PCIE_DUPLICATE_BDF,TH-PCIE-0015-S4Q9,TH-PCIE-0015-S4Q9,since,,harness 2026.226
updated,l10,L10 Test,TH-PCIE-0015,PCIE_DUPLICATE_BDF,TH-PCIE-0015-S4Q9,TH-PCIE-0015-S4Q9,doc_url,,https://docs.google.com/document/d/1-_YC_cXvi3FtKd51jIetY9pER8JtCxH5dBE9UvndZWU/edit
updated,l10,L10 Test,TH-PCIE-0015,PCIE_DUPLICATE_BDF,TH-PCIE-0015-S4Q9,TH-PCIE-0015-S4Q9,registry_status,sheet only,in registry
updated,l10,L10 Test,TH-PCIE-0016,PLX_DAEMON_VERSION_QUERY_FAILED,TH-PCIE-0016-S4Q9,TH-PCIE-0016-S4Q9,category,,7
updated,l10,L10 Test,TH-PCIE-0016,PLX_DAEMON_VERSION_QUERY_FAILED,TH-PCIE-0016-S4Q9,TH-PCIE-0016-S4Q9,component,PLX switch,L10.PCIE.PLX_SWITCH
updated,l10,L10 Test,TH-PCIE-0016,PLX_DAEMON_VERSION_QUERY_FAILED,TH-PCIE-0016-S4Q9,TH-PCIE-0016-S4Q9,disposition,,ERROR
updated,l10,L10 Test,TH-PCIE-0016,PLX_DAEMON_VERSION_QUERY_FAILED,TH-PCIE-0016-S4Q9,TH-PCIE-0016-S4Q9,retryable,,false
updated,l10,L10 Test,TH-PCIE-0016,PLX_DAEMON_VERSION_QUERY_FAILED,TH-PCIE-0016-S4Q9,TH-PCIE-0016-S4Q9,owner,,supercomputing-sw
updated,l10,L10 Test,TH-PCIE-0016,PLX_DAEMON_VERSION_QUERY_FAILED,TH-PCIE-0016-S4Q9,TH-PCIE-0016-S4Q9,since,,harness 2026.226
updated,l10,L10 Test,TH-PCIE-0016,PLX_DAEMON_VERSION_QUERY_FAILED,TH-PCIE-0016-S4Q9,TH-PCIE-0016-S4Q9,doc_url,,https://docs.google.com/document/d/1-_YC_cXvi3FtKd51jIetY9pER8JtCxH5dBE9UvndZWU/edit
updated,l10,L10 Test,TH-PCIE-0016,PLX_DAEMON_VERSION_QUERY_FAILED,TH-PCIE-0016-S4Q9,TH-PCIE-0016-S4Q9,registry_status,sheet only,in registry
updated,l10,L10 Test,TH-PCIE-0017,PLX_DAEMON_FIRMWARE_VERSION_MISMATCH,TH-PCIE-0017-S5Q9,TH-PCIE-0017-S5Q9,category,,5
updated,l10,L10 Test,TH-PCIE-0017,PLX_DAEMON_FIRMWARE_VERSION_MISMATCH,TH-PCIE-0017-S5Q9,TH-PCIE-0017-S5Q9,component,PLX switch,L10.PCIE.PLX_SWITCH
updated,l10,L10 Test,TH-PCIE-0017,PLX_DAEMON_FIRMWARE_VERSION_MISMATCH,TH-PCIE-0017-S5Q9,TH-PCIE-0017-S5Q9,disposition,,FAILED
updated,l10,L10 Test,TH-PCIE-0017,PLX_DAEMON_FIRMWARE_VERSION_MISMATCH,TH-PCIE-0017-S5Q9,TH-PCIE-0017-S5Q9,retryable,,false
updated,l10,L10 Test,TH-PCIE-0017,PLX_DAEMON_FIRMWARE_VERSION_MISMATCH,TH-PCIE-0017-S5Q9,TH-PCIE-0017-S5Q9,owner,,supercomputing-sw
updated,l10,L10 Test,TH-PCIE-0017,PLX_DAEMON_FIRMWARE_VERSION_MISMATCH,TH-PCIE-0017-S5Q9,TH-PCIE-0017-S5Q9,since,,harness 2026.226
updated,l10,L10 Test,TH-PCIE-0017,PLX_DAEMON_FIRMWARE_VERSION_MISMATCH,TH-PCIE-0017-S5Q9,TH-PCIE-0017-S5Q9,doc_url,,https://docs.google.com/document/d/1-_YC_cXvi3FtKd51jIetY9pER8JtCxH5dBE9UvndZWU/edit
updated,l10,L10 Test,TH-PCIE-0017,PLX_DAEMON_FIRMWARE_VERSION_MISMATCH,TH-PCIE-0017-S5Q9,TH-PCIE-0017-S5Q9,registry_status,sheet only,in registry
updated,l10,L10 Test,TH-PCIE-0018,PLX_DAEMON_FIRMWARE_UPDATE_FAILED,TH-PCIE-0018-S4Q9,TH-PCIE-0018-S4Q9,category,,5
updated,l10,L10 Test,TH-PCIE-0018,PLX_DAEMON_FIRMWARE_UPDATE_FAILED,TH-PCIE-0018-S4Q9,TH-PCIE-0018-S4Q9,component,PLX switch,L10.PCIE.PLX_SWITCH
updated,l10,L10 Test,TH-PCIE-0018,PLX_DAEMON_FIRMWARE_UPDATE_FAILED,TH-PCIE-0018-S4Q9,TH-PCIE-0018-S4Q9,disposition,,FAILED
updated,l10,L10 Test,TH-PCIE-0018,PLX_DAEMON_FIRMWARE_UPDATE_FAILED,TH-PCIE-0018-S4Q9,TH-PCIE-0018-S4Q9,retryable,,false
updated,l10,L10 Test,TH-PCIE-0018,PLX_DAEMON_FIRMWARE_UPDATE_FAILED,TH-PCIE-0018-S4Q9,TH-PCIE-0018-S4Q9,owner,,supercomputing-sw
updated,l10,L10 Test,TH-PCIE-0018,PLX_DAEMON_FIRMWARE_UPDATE_FAILED,TH-PCIE-0018-S4Q9,TH-PCIE-0018-S4Q9,since,,harness 2026.226
updated,l10,L10 Test,TH-PCIE-0018,PLX_DAEMON_FIRMWARE_UPDATE_FAILED,TH-PCIE-0018-S4Q9,TH-PCIE-0018-S4Q9,doc_url,,https://docs.google.com/document/d/1-_YC_cXvi3FtKd51jIetY9pER8JtCxH5dBE9UvndZWU/edit
updated,l10,L10 Test,TH-PCIE-0018,PLX_DAEMON_FIRMWARE_UPDATE_FAILED,TH-PCIE-0018-S4Q9,TH-PCIE-0018-S4Q9,registry_status,sheet only,in registry
updated,l10,L10 Test,TH-PCIE-0019,PLX_DAEMON_POST_UPDATE_VERIFY_FAILED,TH-PCIE-0019-S4Q9,TH-PCIE-0019-S4Q9,category,,5
updated,l10,L10 Test,TH-PCIE-0019,PLX_DAEMON_POST_UPDATE_VERIFY_FAILED,TH-PCIE-0019-S4Q9,TH-PCIE-0019-S4Q9,component,PLX switch,L10.PCIE.PLX_SWITCH
updated,l10,L10 Test,TH-PCIE-0019,PLX_DAEMON_POST_UPDATE_VERIFY_FAILED,TH-PCIE-0019-S4Q9,TH-PCIE-0019-S4Q9,disposition,,FAILED
updated,l10,L10 Test,TH-PCIE-0019,PLX_DAEMON_POST_UPDATE_VERIFY_FAILED,TH-PCIE-0019-S4Q9,TH-PCIE-0019-S4Q9,retryable,,false
updated,l10,L10 Test,TH-PCIE-0019,PLX_DAEMON_POST_UPDATE_VERIFY_FAILED,TH-PCIE-0019-S4Q9,TH-PCIE-0019-S4Q9,owner,,supercomputing-sw
updated,l10,L10 Test,TH-PCIE-0019,PLX_DAEMON_POST_UPDATE_VERIFY_FAILED,TH-PCIE-0019-S4Q9,TH-PCIE-0019-S4Q9,since,,harness 2026.226
updated,l10,L10 Test,TH-PCIE-0019,PLX_DAEMON_POST_UPDATE_VERIFY_FAILED,TH-PCIE-0019-S4Q9,TH-PCIE-0019-S4Q9,doc_url,,https://docs.google.com/document/d/1-_YC_cXvi3FtKd51jIetY9pER8JtCxH5dBE9UvndZWU/edit
updated,l10,L10 Test,TH-PCIE-0019,PLX_DAEMON_POST_UPDATE_VERIFY_FAILED,TH-PCIE-0019-S4Q9,TH-PCIE-0019-S4Q9,registry_status,sheet only,in registry
updated,l10,L10 Test,TH-PWR-0007,UNEXPECTED_DVFS_RAMPDOWN,TH-PWR-0007-S2Q9,TH-PWR-0007-S2Q9,component,PWR,L10.PWR.POWER
updated,l10,L10 Test,TH-PWR-0007,UNEXPECTED_DVFS_RAMPDOWN,TH-PWR-0007-S2Q9,TH-PWR-0007-S2Q9,since,harness 2026.216,harness 2026.226
updated,l10,L10 Test,TH-PWR-0007,UNEXPECTED_DVFS_RAMPDOWN,TH-PWR-0007-S2Q9,TH-PWR-0007-S2Q9,doc_url,https://github.com/etched-ai/sw/blob/master/host/system_test/error_codes/doc/SohuLlamaMttTestCase.md#TH-PWR-0007,https://docs.google.com/document/d/1-_YC_cXvi3FtKd51jIetY9pER8JtCxH5dBE9UvndZWU/edit
updated,l10,L10 Test,TH-PWR-0009,BMC_POWER_CYCLE_COMMAND_FAILED,TH-PWR-0009-S4Q9,TH-PWR-0009-S4Q9,category,,7
updated,l10,L10 Test,TH-PWR-0009,BMC_POWER_CYCLE_COMMAND_FAILED,TH-PWR-0009-S4Q9,TH-PWR-0009-S4Q9,component,Power,L10.PWR.POWER
updated,l10,L10 Test,TH-PWR-0009,BMC_POWER_CYCLE_COMMAND_FAILED,TH-PWR-0009-S4Q9,TH-PWR-0009-S4Q9,disposition,,ERROR
updated,l10,L10 Test,TH-PWR-0009,BMC_POWER_CYCLE_COMMAND_FAILED,TH-PWR-0009-S4Q9,TH-PWR-0009-S4Q9,retryable,,false
updated,l10,L10 Test,TH-PWR-0009,BMC_POWER_CYCLE_COMMAND_FAILED,TH-PWR-0009-S4Q9,TH-PWR-0009-S4Q9,owner,,supercomputing-sw
updated,l10,L10 Test,TH-PWR-0009,BMC_POWER_CYCLE_COMMAND_FAILED,TH-PWR-0009-S4Q9,TH-PWR-0009-S4Q9,since,,harness 2026.226
updated,l10,L10 Test,TH-PWR-0009,BMC_POWER_CYCLE_COMMAND_FAILED,TH-PWR-0009-S4Q9,TH-PWR-0009-S4Q9,doc_url,,https://docs.google.com/document/d/1-_YC_cXvi3FtKd51jIetY9pER8JtCxH5dBE9UvndZWU/edit
updated,l10,L10 Test,TH-PWR-0009,BMC_POWER_CYCLE_COMMAND_FAILED,TH-PWR-0009-S4Q9,TH-PWR-0009-S4Q9,registry_status,sheet only,in registry
updated,l10,L10 Test,TH-PWR-0010,HOST_DID_NOT_POWER_OFF,TH-PWR-0010-S2Q9,TH-PWR-0010-S2Q9,category,,6
updated,l10,L10 Test,TH-PWR-0010,HOST_DID_NOT_POWER_OFF,TH-PWR-0010-S2Q9,TH-PWR-0010-S2Q9,component,Power,L10.PWR.POWER
updated,l10,L10 Test,TH-PWR-0010,HOST_DID_NOT_POWER_OFF,TH-PWR-0010-S2Q9,TH-PWR-0010-S2Q9,disposition,,FAILED
updated,l10,L10 Test,TH-PWR-0010,HOST_DID_NOT_POWER_OFF,TH-PWR-0010-S2Q9,TH-PWR-0010-S2Q9,retryable,,false
updated,l10,L10 Test,TH-PWR-0010,HOST_DID_NOT_POWER_OFF,TH-PWR-0010-S2Q9,TH-PWR-0010-S2Q9,owner,,supercomputing-sw
updated,l10,L10 Test,TH-PWR-0010,HOST_DID_NOT_POWER_OFF,TH-PWR-0010-S2Q9,TH-PWR-0010-S2Q9,since,,harness 2026.226
updated,l10,L10 Test,TH-PWR-0010,HOST_DID_NOT_POWER_OFF,TH-PWR-0010-S2Q9,TH-PWR-0010-S2Q9,doc_url,,https://docs.google.com/document/d/1-_YC_cXvi3FtKd51jIetY9pER8JtCxH5dBE9UvndZWU/edit
updated,l10,L10 Test,TH-PWR-0010,HOST_DID_NOT_POWER_OFF,TH-PWR-0010-S2Q9,TH-PWR-0010-S2Q9,registry_status,sheet only,in registry
updated,l10,L10 Test,TH-PWR-0011,HOST_DID_NOT_RECOVER_AFTER_POWER_CYCLE,TH-PWR-0011-S2Q9,TH-PWR-0011-S2Q9,category,,6
updated,l10,L10 Test,TH-PWR-0011,HOST_DID_NOT_RECOVER_AFTER_POWER_CYCLE,TH-PWR-0011-S2Q9,TH-PWR-0011-S2Q9,component,Power,L10.PWR.POWER
updated,l10,L10 Test,TH-PWR-0011,HOST_DID_NOT_RECOVER_AFTER_POWER_CYCLE,TH-PWR-0011-S2Q9,TH-PWR-0011-S2Q9,disposition,,FAILED
updated,l10,L10 Test,TH-PWR-0011,HOST_DID_NOT_RECOVER_AFTER_POWER_CYCLE,TH-PWR-0011-S2Q9,TH-PWR-0011-S2Q9,retryable,,false
updated,l10,L10 Test,TH-PWR-0011,HOST_DID_NOT_RECOVER_AFTER_POWER_CYCLE,TH-PWR-0011-S2Q9,TH-PWR-0011-S2Q9,owner,,supercomputing-sw
updated,l10,L10 Test,TH-PWR-0011,HOST_DID_NOT_RECOVER_AFTER_POWER_CYCLE,TH-PWR-0011-S2Q9,TH-PWR-0011-S2Q9,since,,harness 2026.226
updated,l10,L10 Test,TH-PWR-0011,HOST_DID_NOT_RECOVER_AFTER_POWER_CYCLE,TH-PWR-0011-S2Q9,TH-PWR-0011-S2Q9,doc_url,,https://docs.google.com/document/d/1-_YC_cXvi3FtKd51jIetY9pER8JtCxH5dBE9UvndZWU/edit
updated,l10,L10 Test,TH-PWR-0011,HOST_DID_NOT_RECOVER_AFTER_POWER_CYCLE,TH-PWR-0011-S2Q9,TH-PWR-0011-S2Q9,registry_status,sheet only,in registry
updated,l10,L10 Test,TH-PWR-0012,HOST_REBOOT_COMMAND_FAILED,TH-PWR-0012-S4Q9,TH-PWR-0012-S4Q9,category,,7
updated,l10,L10 Test,TH-PWR-0012,HOST_REBOOT_COMMAND_FAILED,TH-PWR-0012-S4Q9,TH-PWR-0012-S4Q9,component,Power,L10.PWR.POWER
updated,l10,L10 Test,TH-PWR-0012,HOST_REBOOT_COMMAND_FAILED,TH-PWR-0012-S4Q9,TH-PWR-0012-S4Q9,disposition,,ERROR
updated,l10,L10 Test,TH-PWR-0012,HOST_REBOOT_COMMAND_FAILED,TH-PWR-0012-S4Q9,TH-PWR-0012-S4Q9,retryable,,false
updated,l10,L10 Test,TH-PWR-0012,HOST_REBOOT_COMMAND_FAILED,TH-PWR-0012-S4Q9,TH-PWR-0012-S4Q9,owner,,supercomputing-sw
updated,l10,L10 Test,TH-PWR-0012,HOST_REBOOT_COMMAND_FAILED,TH-PWR-0012-S4Q9,TH-PWR-0012-S4Q9,since,,harness 2026.226
updated,l10,L10 Test,TH-PWR-0012,HOST_REBOOT_COMMAND_FAILED,TH-PWR-0012-S4Q9,TH-PWR-0012-S4Q9,doc_url,,https://docs.google.com/document/d/1-_YC_cXvi3FtKd51jIetY9pER8JtCxH5dBE9UvndZWU/edit
updated,l10,L10 Test,TH-PWR-0012,HOST_REBOOT_COMMAND_FAILED,TH-PWR-0012-S4Q9,TH-PWR-0012-S4Q9,registry_status,sheet only,in registry
updated,l10,L10 Test,TH-PWR-0013,HOST_REBOOT_NOT_OBSERVED,TH-PWR-0013-S4Q9,TH-PWR-0013-S4Q9,category,,6
updated,l10,L10 Test,TH-PWR-0013,HOST_REBOOT_NOT_OBSERVED,TH-PWR-0013-S4Q9,TH-PWR-0013-S4Q9,component,Power,L10.PWR.POWER
updated,l10,L10 Test,TH-PWR-0013,HOST_REBOOT_NOT_OBSERVED,TH-PWR-0013-S4Q9,TH-PWR-0013-S4Q9,disposition,,FAILED
updated,l10,L10 Test,TH-PWR-0013,HOST_REBOOT_NOT_OBSERVED,TH-PWR-0013-S4Q9,TH-PWR-0013-S4Q9,retryable,,false
updated,l10,L10 Test,TH-PWR-0013,HOST_REBOOT_NOT_OBSERVED,TH-PWR-0013-S4Q9,TH-PWR-0013-S4Q9,owner,,supercomputing-sw
updated,l10,L10 Test,TH-PWR-0013,HOST_REBOOT_NOT_OBSERVED,TH-PWR-0013-S4Q9,TH-PWR-0013-S4Q9,since,,harness 2026.226
updated,l10,L10 Test,TH-PWR-0013,HOST_REBOOT_NOT_OBSERVED,TH-PWR-0013-S4Q9,TH-PWR-0013-S4Q9,doc_url,,https://docs.google.com/document/d/1-_YC_cXvi3FtKd51jIetY9pER8JtCxH5dBE9UvndZWU/edit
updated,l10,L10 Test,TH-PWR-0013,HOST_REBOOT_NOT_OBSERVED,TH-PWR-0013-S4Q9,TH-PWR-0013-S4Q9,registry_status,sheet only,in registry
updated,l10,L10 Test,TH-PWR-0014,HOST_DID_NOT_RECOVER_AFTER_REBOOT,TH-PWR-0014-S2Q9,TH-PWR-0014-S2Q9,category,,6
updated,l10,L10 Test,TH-PWR-0014,HOST_DID_NOT_RECOVER_AFTER_REBOOT,TH-PWR-0014-S2Q9,TH-PWR-0014-S2Q9,component,Power,L10.PWR.POWER
updated,l10,L10 Test,TH-PWR-0014,HOST_DID_NOT_RECOVER_AFTER_REBOOT,TH-PWR-0014-S2Q9,TH-PWR-0014-S2Q9,disposition,,FAILED
updated,l10,L10 Test,TH-PWR-0014,HOST_DID_NOT_RECOVER_AFTER_REBOOT,TH-PWR-0014-S2Q9,TH-PWR-0014-S2Q9,retryable,,false
updated,l10,L10 Test,TH-PWR-0014,HOST_DID_NOT_RECOVER_AFTER_REBOOT,TH-PWR-0014-S2Q9,TH-PWR-0014-S2Q9,owner,,supercomputing-sw
updated,l10,L10 Test,TH-PWR-0014,HOST_DID_NOT_RECOVER_AFTER_REBOOT,TH-PWR-0014-S2Q9,TH-PWR-0014-S2Q9,since,,harness 2026.226
updated,l10,L10 Test,TH-PWR-0014,HOST_DID_NOT_RECOVER_AFTER_REBOOT,TH-PWR-0014-S2Q9,TH-PWR-0014-S2Q9,doc_url,,https://docs.google.com/document/d/1-_YC_cXvi3FtKd51jIetY9pER8JtCxH5dBE9UvndZWU/edit
updated,l10,L10 Test,TH-PWR-0014,HOST_DID_NOT_RECOVER_AFTER_REBOOT,TH-PWR-0014-S2Q9,TH-PWR-0014-S2Q9,registry_status,sheet only,in registry
updated,l10,L10 Test,TH-SOHU-0002,SOHU_NOT_PINGABLE,TH-SOHU-0002-S2Q9,TH-SOHU-0002-S2Q9,component,SOHU,L10.SOHU.SOHU_CHIP
updated,l10,L10 Test,TH-SOHU-0002,SOHU_NOT_PINGABLE,TH-SOHU-0002-S2Q9,TH-SOHU-0002-S2Q9,since,harness 2026.216,harness 2026.226
updated,l10,L10 Test,TH-SOHU-0002,SOHU_NOT_PINGABLE,TH-SOHU-0002-S2Q9,TH-SOHU-0002-S2Q9,doc_url,https://github.com/etched-ai/sw/blob/master/host/system_test/error_codes/doc/SohuFlrTestCase.md#TH-SOHU-0002,https://docs.google.com/document/d/1-_YC_cXvi3FtKd51jIetY9pER8JtCxH5dBE9UvndZWU/edit
updated,l10,L10 Test,TH-SOHU-0028,SOHU_WORKLOAD_BINARY_FAILED,TH-SOHU-0028-S4Q9,TH-SOHU-0028-S4Q9,category,,7
updated,l10,L10 Test,TH-SOHU-0028,SOHU_WORKLOAD_BINARY_FAILED,TH-SOHU-0028-S4Q9,TH-SOHU-0028-S4Q9,component,SOHU,L10.SOHU.SOHU_CHIP
updated,l10,L10 Test,TH-SOHU-0028,SOHU_WORKLOAD_BINARY_FAILED,TH-SOHU-0028-S4Q9,TH-SOHU-0028-S4Q9,test_cases,"SohuMlpTp8TestCase, SohuLlama70bForwardIteratedTestCase, SohuLlama70bHp8ForwardIteratedTestCase, SohuLlamaTp8InferenceMaxTestCase, Llama8bFp8Tp1SmokeTestCase","SohuMlpTp8TestCase, SohuLlama70bForwardIteratedTestCase, SohuLlama70bHp8ForwardIteratedTestCase, SohuLlamaHp2Up4CachedInferenceMaxTestCase, SohuLlamaHp2Up4NospecInferenceMaxTestCase, SohuLlamaHp8CachedInferenceMaxTestCase, Llama8bFp8Tp1SmokeTestCase"
updated,l10,L10 Test,TH-SOHU-0028,SOHU_WORKLOAD_BINARY_FAILED,TH-SOHU-0028-S4Q9,TH-SOHU-0028-S4Q9,disposition,,FAILED
updated,l10,L10 Test,TH-SOHU-0028,SOHU_WORKLOAD_BINARY_FAILED,TH-SOHU-0028-S4Q9,TH-SOHU-0028-S4Q9,retryable,,false
updated,l10,L10 Test,TH-SOHU-0028,SOHU_WORKLOAD_BINARY_FAILED,TH-SOHU-0028-S4Q9,TH-SOHU-0028-S4Q9,owner,,supercomputing-sw
updated,l10,L10 Test,TH-SOHU-0028,SOHU_WORKLOAD_BINARY_FAILED,TH-SOHU-0028-S4Q9,TH-SOHU-0028-S4Q9,since,,harness 2026.226
updated,l10,L10 Test,TH-SOHU-0028,SOHU_WORKLOAD_BINARY_FAILED,TH-SOHU-0028-S4Q9,TH-SOHU-0028-S4Q9,doc_url,,https://docs.google.com/document/d/1-_YC_cXvi3FtKd51jIetY9pER8JtCxH5dBE9UvndZWU/edit
updated,l10,L10 Test,TH-SOHU-0028,SOHU_WORKLOAD_BINARY_FAILED,TH-SOHU-0028-S4Q9,TH-SOHU-0028-S4Q9,registry_status,sheet only,in registry
updated,l10,L10 Test,TH-THM-0008,FAN_LOCATION_MISMATCH,TH-THM-0008-S4Q9,TH-THM-0008-S4Q9,category,,5
updated,l10,L10 Test,TH-THM-0008,FAN_LOCATION_MISMATCH,TH-THM-0008-S4Q9,TH-THM-0008-S4Q9,component,Fan,L10.THM.FAN
updated,l10,L10 Test,TH-THM-0008,FAN_LOCATION_MISMATCH,TH-THM-0008-S4Q9,TH-THM-0008-S4Q9,disposition,,FAILED
updated,l10,L10 Test,TH-THM-0008,FAN_LOCATION_MISMATCH,TH-THM-0008-S4Q9,TH-THM-0008-S4Q9,retryable,,false
updated,l10,L10 Test,TH-THM-0008,FAN_LOCATION_MISMATCH,TH-THM-0008-S4Q9,TH-THM-0008-S4Q9,owner,,supercomputing-sw
updated,l10,L10 Test,TH-THM-0008,FAN_LOCATION_MISMATCH,TH-THM-0008-S4Q9,TH-THM-0008-S4Q9,since,,harness 2026.226
updated,l10,L10 Test,TH-THM-0008,FAN_LOCATION_MISMATCH,TH-THM-0008-S4Q9,TH-THM-0008-S4Q9,doc_url,,https://docs.google.com/document/d/1-_YC_cXvi3FtKd51jIetY9pER8JtCxH5dBE9UvndZWU/edit
updated,l10,L10 Test,TH-THM-0008,FAN_LOCATION_MISMATCH,TH-THM-0008-S4Q9,TH-THM-0008-S4Q9,registry_status,sheet only,in registry
updated,l10,L10 Test,TH-THM-0009,FAN_PWM_SET_FAILED,TH-THM-0009-S4Q9,TH-THM-0009-S4Q9,category,,6
updated,l10,L10 Test,TH-THM-0009,FAN_PWM_SET_FAILED,TH-THM-0009-S4Q9,TH-THM-0009-S4Q9,component,Fan,L10.THM.FAN
updated,l10,L10 Test,TH-THM-0009,FAN_PWM_SET_FAILED,TH-THM-0009-S4Q9,TH-THM-0009-S4Q9,disposition,,FAILED
updated,l10,L10 Test,TH-THM-0009,FAN_PWM_SET_FAILED,TH-THM-0009-S4Q9,TH-THM-0009-S4Q9,retryable,,false
updated,l10,L10 Test,TH-THM-0009,FAN_PWM_SET_FAILED,TH-THM-0009-S4Q9,TH-THM-0009-S4Q9,owner,,supercomputing-sw
updated,l10,L10 Test,TH-THM-0009,FAN_PWM_SET_FAILED,TH-THM-0009-S4Q9,TH-THM-0009-S4Q9,since,,harness 2026.226
updated,l10,L10 Test,TH-THM-0009,FAN_PWM_SET_FAILED,TH-THM-0009-S4Q9,TH-THM-0009-S4Q9,doc_url,,https://docs.google.com/document/d/1-_YC_cXvi3FtKd51jIetY9pER8JtCxH5dBE9UvndZWU/edit
updated,l10,L10 Test,TH-THM-0009,FAN_PWM_SET_FAILED,TH-THM-0009-S4Q9,TH-THM-0009-S4Q9,registry_status,sheet only,in registry
updated,l10,L10 Test,TH-THM-0010,FAN_RPM_RESPONSE_OUT_OF_RANGE,TH-THM-0010-S2Q9,TH-THM-0010-S2Q9,category,,6
updated,l10,L10 Test,TH-THM-0010,FAN_RPM_RESPONSE_OUT_OF_RANGE,TH-THM-0010-S2Q9,TH-THM-0010-S2Q9,component,Fan,L10.THM.FAN
updated,l10,L10 Test,TH-THM-0010,FAN_RPM_RESPONSE_OUT_OF_RANGE,TH-THM-0010-S2Q9,TH-THM-0010-S2Q9,disposition,,FAILED
updated,l10,L10 Test,TH-THM-0010,FAN_RPM_RESPONSE_OUT_OF_RANGE,TH-THM-0010-S2Q9,TH-THM-0010-S2Q9,retryable,,false
updated,l10,L10 Test,TH-THM-0010,FAN_RPM_RESPONSE_OUT_OF_RANGE,TH-THM-0010-S2Q9,TH-THM-0010-S2Q9,owner,,supercomputing-sw
updated,l10,L10 Test,TH-THM-0010,FAN_RPM_RESPONSE_OUT_OF_RANGE,TH-THM-0010-S2Q9,TH-THM-0010-S2Q9,since,,harness 2026.226
updated,l10,L10 Test,TH-THM-0010,FAN_RPM_RESPONSE_OUT_OF_RANGE,TH-THM-0010-S2Q9,TH-THM-0010-S2Q9,doc_url,,https://docs.google.com/document/d/1-_YC_cXvi3FtKd51jIetY9pER8JtCxH5dBE9UvndZWU/edit
updated,l10,L10 Test,TH-THM-0010,FAN_RPM_RESPONSE_OUT_OF_RANGE,TH-THM-0010-S2Q9,TH-THM-0010-S2Q9,registry_status,sheet only,in registry
updated,l10,L10 Test,TH-THM-0011,FAN_AUTOMATIC_MODE_RESTORE_FAILED,TH-THM-0011-S4Q9,TH-THM-0011-S4Q9,category,,6
updated,l10,L10 Test,TH-THM-0011,FAN_AUTOMATIC_MODE_RESTORE_FAILED,TH-THM-0011-S4Q9,TH-THM-0011-S4Q9,component,Fan,L10.THM.FAN
updated,l10,L10 Test,TH-THM-0011,FAN_AUTOMATIC_MODE_RESTORE_FAILED,TH-THM-0011-S4Q9,TH-THM-0011-S4Q9,disposition,,ERROR
updated,l10,L10 Test,TH-THM-0011,FAN_AUTOMATIC_MODE_RESTORE_FAILED,TH-THM-0011-S4Q9,TH-THM-0011-S4Q9,retryable,,false
updated,l10,L10 Test,TH-THM-0011,FAN_AUTOMATIC_MODE_RESTORE_FAILED,TH-THM-0011-S4Q9,TH-THM-0011-S4Q9,owner,,supercomputing-sw
updated,l10,L10 Test,TH-THM-0011,FAN_AUTOMATIC_MODE_RESTORE_FAILED,TH-THM-0011-S4Q9,TH-THM-0011-S4Q9,since,,harness 2026.226
updated,l10,L10 Test,TH-THM-0011,FAN_AUTOMATIC_MODE_RESTORE_FAILED,TH-THM-0011-S4Q9,TH-THM-0011-S4Q9,doc_url,,https://docs.google.com/document/d/1-_YC_cXvi3FtKd51jIetY9pER8JtCxH5dBE9UvndZWU/edit
updated,l10,L10 Test,TH-THM-0011,FAN_AUTOMATIC_MODE_RESTORE_FAILED,TH-THM-0011-S4Q9,TH-THM-0011-S4Q9,registry_status,sheet only,in registry
updated,l10,L10 Test,TH-VBB-0001,BASEBOARD_INVENTORY_QUERY_FAILED,TH-VBB-0001-S4Q9,TH-VBB-0001-S4Q9,category,,7
updated,l10,L10 Test,TH-VBB-0001,BASEBOARD_INVENTORY_QUERY_FAILED,TH-VBB-0001-S4Q9,TH-VBB-0001-S4Q9,component,VBB,L10.VBB.BASEBOARD
updated,l10,L10 Test,TH-VBB-0001,BASEBOARD_INVENTORY_QUERY_FAILED,TH-VBB-0001-S4Q9,TH-VBB-0001-S4Q9,disposition,,ERROR
updated,l10,L10 Test,TH-VBB-0001,BASEBOARD_INVENTORY_QUERY_FAILED,TH-VBB-0001-S4Q9,TH-VBB-0001-S4Q9,retryable,,false
updated,l10,L10 Test,TH-VBB-0001,BASEBOARD_INVENTORY_QUERY_FAILED,TH-VBB-0001-S4Q9,TH-VBB-0001-S4Q9,owner,,supercomputing-sw
updated,l10,L10 Test,TH-VBB-0001,BASEBOARD_INVENTORY_QUERY_FAILED,TH-VBB-0001-S4Q9,TH-VBB-0001-S4Q9,since,,harness 2026.226
updated,l10,L10 Test,TH-VBB-0001,BASEBOARD_INVENTORY_QUERY_FAILED,TH-VBB-0001-S4Q9,TH-VBB-0001-S4Q9,doc_url,,https://docs.google.com/document/d/1-_YC_cXvi3FtKd51jIetY9pER8JtCxH5dBE9UvndZWU/edit
updated,l10,L10 Test,TH-VBB-0001,BASEBOARD_INVENTORY_QUERY_FAILED,TH-VBB-0001-S4Q9,TH-VBB-0001-S4Q9,registry_status,sheet only,in registry
updated,l10,L10 Test,TH-VBB-0002,BASEBOARD_IDENTITY_MISMATCH,TH-VBB-0002-S2Q9,TH-VBB-0002-S2Q9,category,,11
updated,l10,L10 Test,TH-VBB-0002,BASEBOARD_IDENTITY_MISMATCH,TH-VBB-0002-S2Q9,TH-VBB-0002-S2Q9,component,VBB,L10.VBB.BASEBOARD
updated,l10,L10 Test,TH-VBB-0002,BASEBOARD_IDENTITY_MISMATCH,TH-VBB-0002-S2Q9,TH-VBB-0002-S2Q9,disposition,,FAILED
updated,l10,L10 Test,TH-VBB-0002,BASEBOARD_IDENTITY_MISMATCH,TH-VBB-0002-S2Q9,TH-VBB-0002-S2Q9,retryable,,false
updated,l10,L10 Test,TH-VBB-0002,BASEBOARD_IDENTITY_MISMATCH,TH-VBB-0002-S2Q9,TH-VBB-0002-S2Q9,owner,,supercomputing-sw
updated,l10,L10 Test,TH-VBB-0002,BASEBOARD_IDENTITY_MISMATCH,TH-VBB-0002-S2Q9,TH-VBB-0002-S2Q9,since,,harness 2026.226
updated,l10,L10 Test,TH-VBB-0002,BASEBOARD_IDENTITY_MISMATCH,TH-VBB-0002-S2Q9,TH-VBB-0002-S2Q9,doc_url,,https://docs.google.com/document/d/1-_YC_cXvi3FtKd51jIetY9pER8JtCxH5dBE9UvndZWU/edit
updated,l10,L10 Test,TH-VBB-0002,BASEBOARD_IDENTITY_MISMATCH,TH-VBB-0002-S2Q9,TH-VBB-0002-S2Q9,registry_status,sheet only,in registry
updated,l10,L10 Test,TH-VBB-0003,BASEBOARD_VERSION_MISMATCH,TH-VBB-0003-S5Q9,TH-VBB-0003-S5Q9,category,,5
updated,l10,L10 Test,TH-VBB-0003,BASEBOARD_VERSION_MISMATCH,TH-VBB-0003-S5Q9,TH-VBB-0003-S5Q9,component,VBB,L10.VBB.BASEBOARD
updated,l10,L10 Test,TH-VBB-0003,BASEBOARD_VERSION_MISMATCH,TH-VBB-0003-S5Q9,TH-VBB-0003-S5Q9,disposition,,FAILED
updated,l10,L10 Test,TH-VBB-0003,BASEBOARD_VERSION_MISMATCH,TH-VBB-0003-S5Q9,TH-VBB-0003-S5Q9,retryable,,false
updated,l10,L10 Test,TH-VBB-0003,BASEBOARD_VERSION_MISMATCH,TH-VBB-0003-S5Q9,TH-VBB-0003-S5Q9,owner,,supercomputing-sw
updated,l10,L10 Test,TH-VBB-0003,BASEBOARD_VERSION_MISMATCH,TH-VBB-0003-S5Q9,TH-VBB-0003-S5Q9,since,,harness 2026.226
updated,l10,L10 Test,TH-VBB-0003,BASEBOARD_VERSION_MISMATCH,TH-VBB-0003-S5Q9,TH-VBB-0003-S5Q9,doc_url,,https://docs.google.com/document/d/1-_YC_cXvi3FtKd51jIetY9pER8JtCxH5dBE9UvndZWU/edit
updated,l10,L10 Test,TH-VBB-0003,BASEBOARD_VERSION_MISMATCH,TH-VBB-0003-S5Q9,TH-VBB-0003-S5Q9,registry_status,sheet only,in registry
updated,l10,L10 Test,TH-VBB-0004,BASEBOARD_EXPECTED_CONFIG_UNAVAILABLE,TH-VBB-0004-S5Q9,TH-VBB-0004-S5Q9,category,,5
updated,l10,L10 Test,TH-VBB-0004,BASEBOARD_EXPECTED_CONFIG_UNAVAILABLE,TH-VBB-0004-S5Q9,TH-VBB-0004-S5Q9,component,VBB,L10.VBB.BASEBOARD
updated,l10,L10 Test,TH-VBB-0004,BASEBOARD_EXPECTED_CONFIG_UNAVAILABLE,TH-VBB-0004-S5Q9,TH-VBB-0004-S5Q9,disposition,,ERROR
updated,l10,L10 Test,TH-VBB-0004,BASEBOARD_EXPECTED_CONFIG_UNAVAILABLE,TH-VBB-0004-S5Q9,TH-VBB-0004-S5Q9,retryable,,false
updated,l10,L10 Test,TH-VBB-0004,BASEBOARD_EXPECTED_CONFIG_UNAVAILABLE,TH-VBB-0004-S5Q9,TH-VBB-0004-S5Q9,owner,,supercomputing-sw
updated,l10,L10 Test,TH-VBB-0004,BASEBOARD_EXPECTED_CONFIG_UNAVAILABLE,TH-VBB-0004-S5Q9,TH-VBB-0004-S5Q9,since,,harness 2026.226
updated,l10,L10 Test,TH-VBB-0004,BASEBOARD_EXPECTED_CONFIG_UNAVAILABLE,TH-VBB-0004-S5Q9,TH-VBB-0004-S5Q9,doc_url,,https://docs.google.com/document/d/1-_YC_cXvi3FtKd51jIetY9pER8JtCxH5dBE9UvndZWU/edit
updated,l10,L10 Test,TH-VBB-0004,BASEBOARD_EXPECTED_CONFIG_UNAVAILABLE,TH-VBB-0004-S5Q9,TH-VBB-0004-S5Q9,registry_status,sheet only,in registry
updated,mlt,MLT / 1X Module Test,TH-C2C-0001,C2C_LINKUP_FAILED,TH-C2C-0001-S2Q9,TH-C2C-0001-S2Q9,component,C2C,1X.C2C.SOHU_SERDES
updated,mlt,MLT / 1X Module Test,TH-C2C-0002,C2C_LOOPBACK_DATA_INTEGRITY_MISMATCH,TH-C2C-0002-S2Q9,TH-C2C-0002-S2Q9,component,C2C,1X.C2C.SOHU_SERDES
updated,mlt,MLT / 1X Module Test,TH-C2C-0003,C2C_LOOPBACK_THROUGHPUT_BELOW_THRESHOLD,TH-C2C-0003-S2Q9,TH-C2C-0003-S2Q9,component,C2C,1X.C2C.SOHU_SERDES
updated,mlt,MLT / 1X Module Test,TH-C2C-0004,C2C_LANE_MARGIN_BELOW_THRESHOLD,TH-C2C-0004-S4Q9,TH-C2C-0004-S4Q9,message,Worst per-lane minimum BER from the eye-diagram sweep exceeded the configured ber_threshold; the SERDES margin spec is not final.,"Worst per-lane minimum BER from the eye-diagram sweep exceeded the configured ber_threshold. The SERDES margin spec is not final, so this code is severity 4 (triage) rather than a straight isolate: confirm against the current spec before dispositioning a module."
updated,mlt,MLT / 1X Module Test,TH-C2C-0004,C2C_LANE_MARGIN_BELOW_THRESHOLD,TH-C2C-0004-S4Q9,TH-C2C-0004-S4Q9,component,C2C,1X.C2C.SOHU_SERDES
updated,mlt,MLT / 1X Module Test,TH-DMA-0001,DMA_DATA_PATH_FAIL,TH-DMA-0001-S2Q6,TH-DMA-0001-S2Q6,message,Host-chip DMA data-path test failure,"Host-chip DMA data-path test failure: dma_test_app reported a data verification or March C+ failure on an SRAM region (RopeSram / CentralSram), or failed in a way its output does not attribute to a more specific PCIe/HBM failure mode (fallback for this test)."
updated,mlt,MLT / 1X Module Test,TH-DMA-0001,DMA_DATA_PATH_FAIL,TH-DMA-0001-S2Q6,TH-DMA-0001-S2Q6,component,DMA,1X.DMA.HOST_CHIP_PATH
updated,mlt,MLT / 1X Module Test,TH-FW-0001,SOHU_FIRMWARE_UPDATE_FAILED,TH-FW-0001-S2Q9,TH-FW-0001-S2Q9,message,Sohu app firmware update failed or ASIC not pingable after update,"The Sohu application firmware update did not complete: loading or executing the image package raised, the ASIC did not become pingable afterwards, or the ASIC came back without reporting application firmware. For the hot-reload case it also covers the pre-update eligibility outcomes, where nothing was flashed at all — the chip is running a legacy bootloader, is in bootloader mode with no application PLDM endpoint, or the precheck could not read the running versions over RPC/proxy."
updated,mlt,MLT / 1X Module Test,TH-FW-0001,SOHU_FIRMWARE_UPDATE_FAILED,TH-FW-0001-S2Q9,TH-FW-0001-S2Q9,component,FW,1X.FW.SOHU_APP_FIRMWARE
updated,mlt,MLT / 1X Module Test,TH-FW-0002,SOHU_FIRMWARE_IMAGE_HASH_MISMATCH,TH-FW-0002-S4Q9,TH-FW-0002-S4Q9,message,"The ASIC booted application firmware after the update, but the running image hash does not match the hash in the image package that was just staged.","The ASIC booted application firmware after the update, but the running image hash from get_version_info() does not match the hash in the image package that was just staged."
updated,mlt,MLT / 1X Module Test,TH-FW-0002,SOHU_FIRMWARE_IMAGE_HASH_MISMATCH,TH-FW-0002-S4Q9,TH-FW-0002-S4Q9,component,FW,1X.FW.SOHU_APP_FIRMWARE
updated,mlt,MLT / 1X Module Test,TH-FW-0003,BOOTLOADER_PROGRAMMING_FAILED,TH-FW-0003-S2Q6,TH-FW-0003-S2Q6,message,Bootloader programming failed (flash program fail or no ping after program),Bootloader programming failed (flash program fail or no ping after program).
updated,mlt,MLT / 1X Module Test,TH-FW-0003,BOOTLOADER_PROGRAMMING_FAILED,TH-FW-0003-S2Q6,TH-FW-0003-S2Q6,component,FW,1X.FW.BOOTLOADER
updated,mlt,MLT / 1X Module Test,TH-FW-0004,JTAG_IMAGE_LOAD_VERIFY_FAILED,TH-FW-0004-S4Q6,TH-FW-0004-S4Q6,message,JTAG image load/verify failed (ICCM verify mismatch),JTAG image load/verify failed (ICCM verify mismatch).
updated,mlt,MLT / 1X Module Test,TH-FW-0004,JTAG_IMAGE_LOAD_VERIFY_FAILED,TH-FW-0004-S4Q6,TH-FW-0004-S4Q6,component,FW,1X.FW.JTAG
updated,mlt,MLT / 1X Module Test,TH-FW-0004,JTAG_IMAGE_LOAD_VERIFY_FAILED,TH-FW-0004-S4Q6,TH-FW-0004-S4Q6,test_cases,ProgramSecureBootloaderTestCase,"ProgramSecureBootloaderTestCase, BootloaderResultTestCase"
updated,mlt,MLT / 1X Module Test,TH-FW-0005,FIXTURE_FIRMWARE_UPDATE_FAILED,TH-FW-0005-S5Q2,TH-FW-0005-S5Q2,component,FW,1X.FW.FIXTURE
updated,mlt,MLT / 1X Module Test,TH-FW-0006,BOARD_DVFS_PROFILE_FAILED,TH-FW-0006-S5Q9,TH-FW-0006-S5Q9,message,Board DVFS profile detection or application failed,Board DVFS profile detection or application failed.
updated,mlt,MLT / 1X Module Test,TH-FW-0006,BOARD_DVFS_PROFILE_FAILED,TH-FW-0006-S5Q9,TH-FW-0006-S5Q9,component,FW,1X.FW.DVFS_PROFILE
updated,mlt,MLT / 1X Module Test,TH-FW-0007,SECURE_BOOT_RECOVERY_UPDATE_TIMEOUT,TH-FW-0007-S2Q6,TH-FW-0007-S2Q6,message,PLDM update did not complete within timeout — device likely not responding over Sohu UART in recovery mode,The PLDM Update Agent did not complete within pldm_update_timeout_s during a secure-boot recovery update - the device is likely not responding over the Sohu UART in recovery mode.
updated,mlt,MLT / 1X Module Test,TH-FW-0007,SECURE_BOOT_RECOVERY_UPDATE_TIMEOUT,TH-FW-0007-S2Q6,TH-FW-0007-S2Q6,component,FW,MLT.FW.SOHU_CHIP
updated,mlt,MLT / 1X Module Test,TH-FW-0008,SECURE_BOOT_RECOVERY_UPDATE_FAIL,TH-FW-0008-S2Q6,TH-FW-0008-S2Q6,message,Secure-boot recovery PLDM update failed (strap sequence or pldm_ua error; update possibly rejected),"The VFIO app firmware update through secure-boot recovery mode failed - the recovery strap sequence failed or the PLDM Update Agent reported an update failure (non-zero pldm_ua exit, update rejected by the device). Tooling/deployment gaps are TH-HAR-0003; invalid args are TH-HAR-0002."
updated,mlt,MLT / 1X Module Test,TH-FW-0008,SECURE_BOOT_RECOVERY_UPDATE_FAIL,TH-FW-0008-S2Q6,TH-FW-0008-S2Q6,component,FW,MLT.FW.SOHU_CHIP
updated,mlt,MLT / 1X Module Test,TH-FW-0009,SOHU_HOT_RELOAD_NOT_ELIGIBLE,TH-FW-0009-S5Q9,TH-FW-0009-S5Q9,message,"Hot reload could not start, so no firmware was written","The hot reload could not start, so no firmware was written: the chip is running a legacy bootloader rather than secure_bootloader, it is in bootloader mode with no application PLDM endpoint, or the precheck could not read the running versions over RPC/proxy. The suite must run secure-boot recovery or bootstrap before this test case. Distinct from TH-FW-0001, which covers an update that was attempted and failed."
updated,mlt,MLT / 1X Module Test,TH-FW-0009,SOHU_HOT_RELOAD_NOT_ELIGIBLE,TH-FW-0009-S5Q9,TH-FW-0009-S5Q9,component,FW,1X.FW.SOHU_APP_FIRMWARE
updated,mlt,MLT / 1X Module Test,TH-HBM-0001,HBM_PMBIST_FAILURE,TH-HBM-0001-S2Q9,TH-HBM-0001-S2Q9,message,HBM PMBIST failure,HBM PMBIST failure.
updated,mlt,MLT / 1X Module Test,TH-HBM-0001,HBM_PMBIST_FAILURE,TH-HBM-0001-S2Q9,TH-HBM-0001-S2Q9,component,HBM,1X.HBM.STACK
updated,mlt,MLT / 1X Module Test,TH-HBM-0003,HBM_EYE_MARGIN_BELOW_THRESHOLD,TH-HBM-0003-S4Q9,TH-HBM-0003-S4Q9,message,HBM training/eye margin below threshold (tentative),HBM training / eye margin below threshold (tentative).
updated,mlt,MLT / 1X Module Test,TH-HBM-0003,HBM_EYE_MARGIN_BELOW_THRESHOLD,TH-HBM-0003-S4Q9,TH-HBM-0003-S4Q9,component,HBM,1X.HBM.STACK
updated,mlt,MLT / 1X Module Test,TH-HBM-0004,HBM_MTC_STRESS_FAILURE,TH-HBM-0004-S2Q6,TH-HBM-0004-S2Q6,message,HBM MTC stress test failure,HBM MTC stress test failure.
updated,mlt,MLT / 1X Module Test,TH-HBM-0004,HBM_MTC_STRESS_FAILURE,TH-HBM-0004-S2Q6,TH-HBM-0004-S2Q6,component,HBM,1X.HBM.STACK
updated,mlt,MLT / 1X Module Test,TH-HBM-0005,HBM_BANDWIDTH_BELOW_THRESHOLD,TH-HBM-0005-S2Q9,TH-HBM-0005-S2Q9,message,PCIe-to-HBM read or write throughput on the side under test did not reach the configured min_bandwidth_gb_s floor.,PCIe-to-HBM read or write throughput did not reach the configured floor.
updated,mlt,MLT / 1X Module Test,TH-HBM-0005,HBM_BANDWIDTH_BELOW_THRESHOLD,TH-HBM-0005-S2Q9,TH-HBM-0005-S2Q9,component,HBM,1X.HBM.STACK
updated,mlt,MLT / 1X Module Test,TH-HBM-0005,HBM_BANDWIDTH_BELOW_THRESHOLD,TH-HBM-0005-S2Q9,TH-HBM-0005-S2Q9,test_cases,"SohuHbmBandwidthTestCase, SohuDmaTestCase",
updated,mlt,MLT / 1X Module Test,TH-HBM-0005,HBM_BANDWIDTH_BELOW_THRESHOLD,TH-HBM-0005-S2Q9,TH-HBM-0005-S2Q9,doc_url,https://github.com/etched-ai/sw/blob/master/host/system_test/error_codes/doc/SohuHbmBandwidthTestCase.md#TH-HBM-0005,
updated,mlt,MLT / 1X Module Test,TH-HBM-0006,HBM_LANE_REPAIR_FAILED,TH-HBM-0006-S2Q9,TH-HBM-0006-S2Q9,message,HBM lane repair failed - no passing repair found,"Lane repair established that one or more HBM pseudo-channels cannot be repaired within spare coverage. Covers a completed sweep with per-target errors (fail_fast=False), and fail_fast raises that prove unrepairability (exhausted candidate byte pairs, multi-bit / aword / DWORD LFSR unrepairable, or applied repairs still failing verification). Distinct from TH-HBM-0008, which covers an aborted sweep where repairability was never established (RPC / firmware / setup)."
updated,mlt,MLT / 1X Module Test,TH-HBM-0006,HBM_LANE_REPAIR_FAILED,TH-HBM-0006-S2Q9,TH-HBM-0006-S2Q9,component,HBM,1X.HBM.STACK
updated,mlt,MLT / 1X Module Test,TH-HBM-0007,HBM_DEVICE_ID_READ_FAIL,TH-HBM-0007-S2Q9,TH-HBM-0007-S2Q9,message,HBM device ID read failure or mismatch,"The IEEE 1500 DRAM device ID could not be read from every HBM stack, or the reported stack topology did not match the expected stack count. Covers an unreadable device ID (RPC error, timeout, or unexpected response) as well as a missing channel id or wrong number of stacks in the reported system info."
updated,mlt,MLT / 1X Module Test,TH-HBM-0007,HBM_DEVICE_ID_READ_FAIL,TH-HBM-0007-S2Q9,TH-HBM-0007-S2Q9,component,HBM,1X.HBM.STACK
updated,mlt,MLT / 1X Module Test,TH-HBM-0008,HBM_LANE_REPAIR_INCOMPLETE,TH-HBM-0008-S4Q9,TH-HBM-0008-S4Q9,message,"HBM lane repair sweep did not complete, so repairability was never established","The lane-repair detection sweep did not run to completion, so whether a passing repair exists was never established. Covers unexpected detection abort (RPC / TypeError / firmware reload after clearing persisted repairs) before an unrepairable verdict. Distinct from TH-HBM-0006, which covers proven unrepairability (exhausted candidates, multi-bit / aword / DWORD LFSR unrepairable, or repairs that still fail verification)."
updated,mlt,MLT / 1X Module Test,TH-HBM-0008,HBM_LANE_REPAIR_INCOMPLETE,TH-HBM-0008-S4Q9,TH-HBM-0008-S4Q9,component,HBM,1X.HBM.STACK
updated,mlt,MLT / 1X Module Test,TH-MEZZ-0001,MEZZANINE_CPLD_ACCESS_WRITE_FAILED,TH-MEZZ-0001-S2Q6,TH-MEZZ-0001-S2Q6,message,Mezz/eval CPLD register access or write failure,Mezz/eval CPLD register access or write failure.
updated,mlt,MLT / 1X Module Test,TH-MEZZ-0001,MEZZANINE_CPLD_ACCESS_WRITE_FAILED,TH-MEZZ-0001-S2Q6,TH-MEZZ-0001-S2Q6,component,MEZZ,1X.MEZZ.CPLD
updated,mlt,MLT / 1X Module Test,TH-MEZZ-0001,MEZZANINE_CPLD_ACCESS_WRITE_FAILED,TH-MEZZ-0001-S2Q6,TH-MEZZ-0001-S2Q6,test_cases,"ProgramSecureBootloaderTestCase, CpldDiagnosticsTestCase","ProgramSecureBootloaderTestCase, BootloaderResultTestCase"
updated,mlt,MLT / 1X Module Test,TH-MEZZ-0002,UNEXPECTED_MEZZANINE_I2C_ALERT,TH-MEZZ-0002-S2Q6,TH-MEZZ-0002-S2Q6,message,Unexpected mezzanine I2C alert asserted,Unexpected mezzanine I2C alert asserted.
updated,mlt,MLT / 1X Module Test,TH-MEZZ-0002,UNEXPECTED_MEZZANINE_I2C_ALERT,TH-MEZZ-0002-S2Q6,TH-MEZZ-0002-S2Q6,component,MEZZ,1X.MEZZ.I2C
updated,mlt,MLT / 1X Module Test,TH-PCIE-0001,PCIE_LINK_STATE_MISMATCH,TH-PCIE-0001-S2Q6,TH-PCIE-0001-S2Q6,message,PCIe link state mismatch (not L0 / Gen5 / x16),PCIe link state mismatch: the Sohu endpoint link is not L0 / Gen5 / x16.
updated,mlt,MLT / 1X Module Test,TH-PCIE-0001,PCIE_LINK_STATE_MISMATCH,TH-PCIE-0001-S2Q6,TH-PCIE-0001-S2Q6,component,PCIE,1X.PCIE.LINK
updated,mlt,MLT / 1X Module Test,TH-PCIE-0001,PCIE_LINK_STATE_MISMATCH,TH-PCIE-0001-S2Q6,TH-PCIE-0001-S2Q6,test_cases,"SohuPcieAerCheckTestCase, SohuPcieRateChangeTestCase",SohuPcieAerCheckTestCase
updated,mlt,MLT / 1X Module Test,TH-PCIE-0002,PCIE_AER_ERRORS_DETECTED,TH-PCIE-0002-S2Q6,TH-PCIE-0002-S2Q6,message,PCIe AER errors detected (correctable or uncorrectable),PCIe AER errors detected (correctable or uncorrectable).
updated,mlt,MLT / 1X Module Test,TH-PCIE-0002,PCIE_AER_ERRORS_DETECTED,TH-PCIE-0002-S2Q6,TH-PCIE-0002-S2Q6,component,PCIE,1X.PCIE.LINK
updated,mlt,MLT / 1X Module Test,TH-PCIE-0002,PCIE_AER_ERRORS_DETECTED,TH-PCIE-0002-S2Q6,TH-PCIE-0002-S2Q6,test_cases,"SohuPcieAerCheckTestCase, SohuPcieRateChangeTestCase",SohuPcieAerCheckTestCase
updated,mlt,MLT / 1X Module Test,TH-PCIE-0003,PCIE_CSRAM_DMA_THROUGHPUT_BELOW_THRESHOLD,TH-PCIE-0003-S2Q9,TH-PCIE-0003-S2Q9,message,PCIe->CSRAM DMA throughput below threshold (50GB/s),PCIe->CSRAM DMA throughput below the qualified floor (suite-configured; 50 GB/s for the 1X module suite). Emitted by SohuDmaTestCase when its CentralSram throughput check fails in the active DMA flow.
updated,mlt,MLT / 1X Module Test,TH-PCIE-0003,PCIE_CSRAM_DMA_THROUGHPUT_BELOW_THRESHOLD,TH-PCIE-0003-S2Q9,TH-PCIE-0003-S2Q9,component,PCIE,1X.PCIE.CSRAM_DMA
updated,mlt,MLT / 1X Module Test,TH-PCIE-0003,PCIE_CSRAM_DMA_THROUGHPUT_BELOW_THRESHOLD,TH-PCIE-0003-S2Q9,TH-PCIE-0003-S2Q9,test_cases,"SohuPcieCsramThroughputTestCase, SohuDmaTestCase",SohuDmaTestCase
updated,mlt,MLT / 1X Module Test,TH-PCIE-0003,PCIE_CSRAM_DMA_THROUGHPUT_BELOW_THRESHOLD,TH-PCIE-0003-S2Q9,TH-PCIE-0003-S2Q9,doc_url,https://github.com/etched-ai/sw/blob/master/host/system_test/error_codes/doc/SohuPcieCsramThroughputTestCase.md#TH-PCIE-0003,https://github.com/etched-ai/sw/blob/master/host/system_test/error_codes/doc/SohuDmaTestCase.md#TH-PCIE-0003
updated,mlt,MLT / 1X Module Test,TH-PCIE-0004,PCIE_HBM_DMA_INTEGRITY_MISMATCH,TH-PCIE-0004-S2Q9,TH-PCIE-0004-S2Q9,message,PCIe->HBM DMA data integrity mismatch,PCIe->HBM DMA data integrity mismatch: dma_test_app read back data from an HBM region (EastHbm / WestHbm) that does not match the written random / bit-inverse pattern.
updated,mlt,MLT / 1X Module Test,TH-PCIE-0004,PCIE_HBM_DMA_INTEGRITY_MISMATCH,TH-PCIE-0004-S2Q9,TH-PCIE-0004-S2Q9,component,PCIE,1X.PCIE.HBM_DMA
updated,mlt,MLT / 1X Module Test,TH-PCIE-0005,PCIE_HBM_DMA_THROUGHPUT_BELOW_THRESHOLD,TH-PCIE-0005-S2Q9,TH-PCIE-0005-S2Q9,message,PCIe->HBM DMA throughput below threshold (16GB/s),PCIe->HBM DMA throughput below the qualified floor (suite-configured; 16 GB/s for the 1X module suite) on EastHbm / WestHbm transfers in dma_test_app.
updated,mlt,MLT / 1X Module Test,TH-PCIE-0005,PCIE_HBM_DMA_THROUGHPUT_BELOW_THRESHOLD,TH-PCIE-0005-S2Q9,TH-PCIE-0005-S2Q9,component,PCIE,1X.PCIE.HBM_DMA
updated,mlt,MLT / 1X Module Test,TH-PCIE-0006,PCIE_SPEED_CHANGE_FAILED,TH-PCIE-0006-S2Q6,TH-PCIE-0006-S2Q6,message,PCIe speed change failed (Gen5<->Gen1 transition),PCIe speed change failed (Gen5<->Gen1 transition did not complete).
updated,mlt,MLT / 1X Module Test,TH-PCIE-0006,PCIE_SPEED_CHANGE_FAILED,TH-PCIE-0006-S2Q6,TH-PCIE-0006-S2Q6,component,PCIE,1X.PCIE.LINK
updated,mlt,MLT / 1X Module Test,TH-PCIE-0006,PCIE_SPEED_CHANGE_FAILED,TH-PCIE-0006-S2Q6,TH-PCIE-0006-S2Q6,test_cases,SohuPcieRateChangeTestCase,
updated,mlt,MLT / 1X Module Test,TH-PCIE-0007,PCIE_LANE_MARGIN_BELOW_THRESHOLD,TH-PCIE-0007-S4Q6,TH-PCIE-0007-S4Q6,message,PCIe lane margin below threshold (EH>25mV EW>0.2UI tentative),"PCIe lane margin below threshold (EH>25mV EW>0.2UI, tentative)."
updated,mlt,MLT / 1X Module Test,TH-PCIE-0007,PCIE_LANE_MARGIN_BELOW_THRESHOLD,TH-PCIE-0007-S4Q6,TH-PCIE-0007-S4Q6,component,PCIE,1X.PCIE.LINK
updated,mlt,MLT / 1X Module Test,TH-PCIE-0008,SOHU_ENDPOINT_NOT_ENUMERATED,TH-PCIE-0008-S2Q6,TH-PCIE-0008-S2Q6,message,Sohu endpoint not enumerated (absent from PCIe tree / RPC proxy),Sohu endpoint not enumerated (absent from PCIe tree / RPC proxy).
updated,mlt,MLT / 1X Module Test,TH-PCIE-0008,SOHU_ENDPOINT_NOT_ENUMERATED,TH-PCIE-0008-S2Q6,TH-PCIE-0008-S2Q6,component,PCIE,1X.PCIE.ENUMERATION
updated,mlt,MLT / 1X Module Test,TH-PWR-0002,POWER_TELEMETRY_UNAVAILABLE,TH-PWR-0002-S4Q9,TH-PWR-0002-S4Q9,component,PWR,1X.PWR.VBB_POWER
updated,mlt,MLT / 1X Module Test,TH-PWR-0003,POWER_DATA_OUT_OF_RANGE,TH-PWR-0003-S2Q9,TH-PWR-0003-S2Q9,component,PWR,1X.PWR.VBB_POWER
updated,mlt,MLT / 1X Module Test,TH-PWR-0004,VM_SENSOR_OUT_OF_TOLERANCE,TH-PWR-0004-S2Q9,TH-PWR-0004-S2Q9,message,VM sensor reading outside +/-5% of nominal,VM sensor reading outside +/-5% of nominal.
updated,mlt,MLT / 1X Module Test,TH-PWR-0004,VM_SENSOR_OUT_OF_TOLERANCE,TH-PWR-0004-S2Q9,TH-PWR-0004-S2Q9,component,PWR,1X.PWR.VM_SENSOR
updated,mlt,MLT / 1X Module Test,TH-PWR-0005,RAIL_ADJUST_READBACK_MISMATCH,TH-PWR-0005-S2Q9,TH-PWR-0005-S2Q9,message,Voltage rail adjustment not reflected in VM readback,Voltage rail adjustment not reflected in the VM readback.
updated,mlt,MLT / 1X Module Test,TH-PWR-0005,RAIL_ADJUST_READBACK_MISMATCH,TH-PWR-0005-S2Q9,TH-PWR-0005-S2Q9,component,PWR,1X.PWR.VM_SENSOR
updated,mlt,MLT / 1X Module Test,TH-PWR-0006,VMIN_ABOVE_RATED_LIMIT,TH-PWR-0006-S4Q9,TH-PWR-0006-S4Q9,message,Vmin above rated limit for SA/SAU rail,Vmin above the rated limit for an SA/SAU rail.
updated,mlt,MLT / 1X Module Test,TH-PWR-0006,VMIN_ABOVE_RATED_LIMIT,TH-PWR-0006-S4Q9,TH-PWR-0006-S4Q9,component,PWR,1X.PWR.VMIN
updated,mlt,MLT / 1X Module Test,TH-PWR-0007,UNEXPECTED_DVFS_RAMPDOWN,TH-PWR-0007-S2Q9,TH-PWR-0007-S2Q9,message,Unexpected DVFS rampdown event during workload,Unexpected DVFS rampdown event during a workload.
updated,mlt,MLT / 1X Module Test,TH-PWR-0007,UNEXPECTED_DVFS_RAMPDOWN,TH-PWR-0007-S2Q9,TH-PWR-0007-S2Q9,component,PWR,1X.PWR.DVFS
updated,mlt,MLT / 1X Module Test,TH-PWR-0008,MODULE_POWER_ON_FAILURE,TH-PWR-0008-S2Q6,TH-PWR-0008-S2Q6,message,Module failed to power on (indicators off / rail fault or short),"Module failed to power on (indicators off, rail fault or short)."
updated,mlt,MLT / 1X Module Test,TH-PWR-0008,MODULE_POWER_ON_FAILURE,TH-PWR-0008-S2Q6,TH-PWR-0008-S2Q6,component,PWR,1X.PWR.POWER_ON
updated,mlt,MLT / 1X Module Test,TH-SN-0001,CHIP_ID_READ_OR_MISMATCH,TH-SN-0001-S2Q9,TH-SN-0001-S2Q9,message,Chip/module ID read failure or mismatch vs genealogy,"The sohu_chip_id sysfs attribute of an enumerated Sohu endpoint could not be read or parsed, read back as all ones (device in reset), or reported a chip ID other than the one the resource configuration expects for that PCIe location."
updated,mlt,MLT / 1X Module Test,TH-SN-0001,CHIP_ID_READ_OR_MISMATCH,TH-SN-0001-S2Q9,TH-SN-0001-S2Q9,component,SN,1X.SN.CHIP_ID
updated,mlt,MLT / 1X Module Test,TH-SOHU-0001,ASIC_RESET_DEASSERT_FAILED,TH-SOHU-0001-S2Q9,TH-SOHU-0001-S2Q9,message,ASIC reset deassert failed,ASIC reset deassert failed.
updated,mlt,MLT / 1X Module Test,TH-SOHU-0001,ASIC_RESET_DEASSERT_FAILED,TH-SOHU-0001-S2Q9,TH-SOHU-0001-S2Q9,component,SOHU,1X.SOHU.RESET
updated,mlt,MLT / 1X Module Test,TH-SOHU-0002,SOHU_NOT_PINGABLE,TH-SOHU-0002-S2Q9,TH-SOHU-0002-S2Q9,message,Sohu not pingable / no response from firmware,"The Sohu device did not respond to a ping over the RPC proxy: the firmware is not running, not reachable, or the device dropped off the proxy. Emitted when a device that had been posting stops answering, for example the post-campaign sweep after a repeated-FLR run."
updated,mlt,MLT / 1X Module Test,TH-SOHU-0002,SOHU_NOT_PINGABLE,TH-SOHU-0002-S2Q9,TH-SOHU-0002-S2Q9,component,SOHU,1X.SOHU.ASIC
updated,mlt,MLT / 1X Module Test,TH-SOHU-0003,PLDM_SENSOR_CHECK_FAILED,TH-SOHU-0003-S2Q9,TH-SOHU-0003-S2Q9,message,PLDM sensor discoverability or sanity check failed,PLDM sensor discoverability or sanity check failed (boot-phase gate).
updated,mlt,MLT / 1X Module Test,TH-SOHU-0003,PLDM_SENSOR_CHECK_FAILED,TH-SOHU-0003-S2Q9,TH-SOHU-0003-S2Q9,component,SOHU,1X.SOHU.PLDM
updated,mlt,MLT / 1X Module Test,TH-SOHU-0004,I2C_PERIPHERAL_READ_FAIL,TH-SOHU-0004-S2Q9,TH-SOHU-0004-S2Q9,message,"Mezzanine I2C transaction failed (controller bring-up, mux select, board-type read, or device probe)","An I2C transaction on the Sohu mezzanine failed. This covers bring-up (initializing the ASIC-debug mux or any of the four Sohu I2C controllers, and reading the mezzanine board type) as well as the per-device probes on I2C0-I2C3, where a probe either failed its transaction or returned data that did not match the expected device identifier/register value. The first failure ends the test; for a probe it identifies the bus, device, and address."
updated,mlt,MLT / 1X Module Test,TH-SOHU-0004,I2C_PERIPHERAL_READ_FAIL,TH-SOHU-0004-S2Q9,TH-SOHU-0004-S2Q9,component,SOHU,1X.SOHU.MEZZ_I2C
updated,mlt,MLT / 1X Module Test,TH-SOHU-0005,GPIO_LOOPBACK_MISMATCH,TH-SOHU-0005-S2Q9,TH-SOHU-0005-S2Q9,message,MCPU GPIO operation failed or read back the wrong value,"An MCPU GPIO did not read back its driven value. Covers both halves of the test: the chip-ID strap pins reading a value other than the expected chip_id, and the per-pin output->input loopback failing to observe either the flipped value or the restored original."
updated,mlt,MLT / 1X Module Test,TH-SOHU-0005,GPIO_LOOPBACK_MISMATCH,TH-SOHU-0005-S2Q9,TH-SOHU-0005-S2Q9,component,SOHU,1X.SOHU.MCPU_GPIO
updated,mlt,MLT / 1X Module Test,TH-SOHU-0006,UART_PING_LOG_MISMATCH,TH-SOHU-0006-S2Q9,TH-SOHU-0006-S2Q9,message,UART ping log message absent or content mismatch,UART ping log message absent or content mismatch.
updated,mlt,MLT / 1X Module Test,TH-SOHU-0006,UART_PING_LOG_MISMATCH,TH-SOHU-0006-S2Q9,TH-SOHU-0006-S2Q9,component,SOHU,1X.SOHU.UART
updated,mlt,MLT / 1X Module Test,TH-SOHU-0007,JTAG_READBACK_MISMATCH,TH-SOHU-0007-S2Q9,TH-SOHU-0007-S2Q9,message,"JTAG check failed (debug session could not be established, or a readback did not match)","A JTAG check did not produce the expected value, or could not be read at all: an ARC core cluster_id, the SA row/column build configuration, or a failure to select a core or read a register over the chain. The core1_cpu_reset read is recorded as a diagnostic measurement only and never fails the test. Failures before any JTAG transaction take the harness codes instead — an unknown jtag_interface is TH-HAR-0002, and no adapter matching serial_prefix or a missing OpenOCD binary are TH-HAR-0003."
updated,mlt,MLT / 1X Module Test,TH-SOHU-0007,JTAG_READBACK_MISMATCH,TH-SOHU-0007-S2Q9,TH-SOHU-0007-S2Q9,component,SOHU,1X.SOHU.JTAG
updated,mlt,MLT / 1X Module Test,TH-SOHU-0008,EFUSE_REGION_READ_FAILURE,TH-SOHU-0008-S2Q9,TH-SOHU-0008-S2Q9,message,eFuse region read failed,"Reading the eFuse region over RPC failed, so no init config could be decoded from the module."
updated,mlt,MLT / 1X Module Test,TH-SOHU-0008,EFUSE_REGION_READ_FAILURE,TH-SOHU-0008-S2Q9,TH-SOHU-0008-S2Q9,component,SOHU,1X.SOHU.EFUSE
updated,mlt,MLT / 1X Module Test,TH-SOHU-0009,EFUSE_WS_FT_STATUS_INCOMPLETE,TH-SOHU-0009-S2Q9,TH-SOHU-0009-S2Q9,message,eFuse WS/FT / MBIST repair / SA repair status incomplete,"The eFuse read succeeded but a wafer-sort or final-test completion flag (wafer_sort_complete, final_test_complete, mbist_complete, sa_complete, sensor_complete or hbm_complete) is False, so the module carries no record of a completed WS/FT flow including MBIST and SA repair."
updated,mlt,MLT / 1X Module Test,TH-SOHU-0009,EFUSE_WS_FT_STATUS_INCOMPLETE,TH-SOHU-0009-S2Q9,TH-SOHU-0009-S2Q9,component,SOHU,1X.SOHU.EFUSE
updated,mlt,MLT / 1X Module Test,TH-SOHU-0010,BUS_CONNECTIVITY_CSR_ACCESS_FAIL,TH-SOHU-0010-S2Q9,TH-SOHU-0010-S2Q9,message,CSR read-write-verify-restore failed,"The mCPU-resident bus connectivity sweep reported a non-zero failed count: at least one CSR check across the SoC blocks (MCPU, ISC, IPU, CSRAM, WCU, GPIO, PAD, sensors hub, PCIe, SAMU, datalink, MACs) did not pass. A check fails either because a write/verify/restore readback did not return the written pattern, or because a read-only field did not hold its expected value."
updated,mlt,MLT / 1X Module Test,TH-SOHU-0010,BUS_CONNECTIVITY_CSR_ACCESS_FAIL,TH-SOHU-0010-S2Q9,TH-SOHU-0010-S2Q9,component,SOHU,1X.SOHU.SOC_BUS
updated,mlt,MLT / 1X Module Test,TH-SOHU-0011,SRAM_TEST_FAIL,TH-SOHU-0011-S2Q9,TH-SOHU-0011-S2Q9,message,On-chip SRAM test failure (stuck bits / readback mismatch),"On-chip SRAM test failure (stuck bits / readback mismatch) - the RPC read/write/invert checks reported failing SRAM regions, or the March C+ binary exited non-zero. Failing SRAM names go in the message / affected_instances, never into new codes (spec §1.2). Note - a non-zero March C+ exit is not yet distinguishable from a launch error; refine when the binary exposes an exit-status contract."
updated,mlt,MLT / 1X Module Test,TH-SOHU-0011,SRAM_TEST_FAIL,TH-SOHU-0011-S2Q9,TH-SOHU-0011-S2Q9,component,SOHU,MLT.SOHU.SOHU_CHIP
updated,mlt,MLT / 1X Module Test,TH-SOHU-0012,SA_MATMUL_NUMERIC_MISMATCH,TH-SOHU-0012-S2Q9,TH-SOHU-0012-S2Q9,message,SA matmul numeric mismatch vs reference (ULP!=0),"An SA matmul dispatcher test binary exited non-zero: systolic-array outputs did not match the funcsim reference. sa_sort screening tolerates a bounded number of defective SA columns, so a non-zero exit means the mismatches went beyond what the health map is allowed to mask out."
updated,mlt,MLT / 1X Module Test,TH-SOHU-0012,SA_MATMUL_NUMERIC_MISMATCH,TH-SOHU-0012-S2Q9,TH-SOHU-0012-S2Q9,component,SOHU,1X.SOHU.SA
updated,mlt,MLT / 1X Module Test,TH-SOHU-0014,ATTENTION_SAU_NUMERIC_MISMATCH,TH-SOHU-0014-S2Q9,TH-SOHU-0014-S2Q9,message,Attention/SAU numeric mismatch vs funcsim,"An attention/SAU dispatcher test binary exited non-zero: one or more attention, KV-flush or SAU operations did not match the funcsim reference."
updated,mlt,MLT / 1X Module Test,TH-SOHU-0014,ATTENTION_SAU_NUMERIC_MISMATCH,TH-SOHU-0014-S2Q9,TH-SOHU-0014-S2Q9,component,SOHU,1X.SOHU.SAU
updated,mlt,MLT / 1X Module Test,TH-SOHU-0015,WORKLOAD_HANG_OPERATION_TIMEOUT,TH-SOHU-0015-S2Q9,TH-SOHU-0015-S2Q9,message,Workload hang / operation timeout,Workload hang / operation timeout.
updated,mlt,MLT / 1X Module Test,TH-SOHU-0015,WORKLOAD_HANG_OPERATION_TIMEOUT,TH-SOHU-0015-S2Q9,TH-SOHU-0015-S2Q9,component,SOHU,1X.SOHU.WORKLOAD
updated,mlt,MLT / 1X Module Test,TH-SOHU-0016,WEIGHT_LOAD_SPOT_CHECK_MISMATCH,TH-SOHU-0016-S2Q9,TH-SOHU-0016-S2Q9,message,Weight load spot-check mismatch,Weight-load spot check failed: HBM-resident weights did not match the on-disk model after load (weight_load_test_app non-zero exit).
updated,mlt,MLT / 1X Module Test,TH-SOHU-0016,WEIGHT_LOAD_SPOT_CHECK_MISMATCH,TH-SOHU-0016-S2Q9,TH-SOHU-0016-S2Q9,component,SOHU,1X.SOHU.WEIGHT_LOAD
updated,mlt,MLT / 1X Module Test,TH-SOHU-0017,INFERENCE_DISPATCH_TIME_ABOVE_LIMIT,TH-SOHU-0017-S2Q9,TH-SOHU-0017-S2Q9,message,Sustained inference throughput on the million-token test did not reach 95% of the suite's expected_chip_tokens_per_second.,"Sustained inference throughput on the million-token test did not reach the expected chip tokens/s (95% of the suite's expected_chip_tokens_per_second). Not wired yet: the check runs inside llama_mtt_app and the harness only sees the exit status, so a non-zero exit cannot be told apart from a model-creation or dataset failure. Emitting it needs the binary to signal the threshold failure distinctly, or the harness to parse MTT_results/metrics.txt."
updated,mlt,MLT / 1X Module Test,TH-SOHU-0017,INFERENCE_DISPATCH_TIME_ABOVE_LIMIT,TH-SOHU-0017-S2Q9,TH-SOHU-0017-S2Q9,component,SOHU,1X.SOHU.ASIC
updated,mlt,MLT / 1X Module Test,TH-SOHU-0018,END_TO_END_INFERENCE_NUMERIC_MISMATCH,TH-SOHU-0018-S2Q9,TH-SOHU-0018-S2Q9,message,End-to-end inference numeric mismatch vs reference,End-to-end inference numeric mismatch vs reference.
updated,mlt,MLT / 1X Module Test,TH-SOHU-0018,END_TO_END_INFERENCE_NUMERIC_MISMATCH,TH-SOHU-0018-S2Q9,TH-SOHU-0018-S2Q9,component,SOHU,1X.SOHU.INFERENCE
updated,mlt,MLT / 1X Module Test,TH-SOHU-0019,FLR_FAILED,TH-SOHU-0019-S2Q9,TH-SOHU-0019-S2Q9,message,FLR failed / flr_timeout_s 5.0s / recovery_timeout_s 10.0s / not pingable between FLRs,"A Function Level Reset cycle did not complete cleanly: the reset request failed or went unanswered within flr_timeout_s (default 5.0s), or the device did not become available and pingable again within recovery_timeout_s (default 10.0s). Reported for the first failing iteration of the FLR campaign; per-iteration round-trip times are recorded as flr_round_trip_* measurements and are not compared against a limit."
updated,mlt,MLT / 1X Module Test,TH-SOHU-0019,FLR_FAILED,TH-SOHU-0019-S2Q9,TH-SOHU-0019-S2Q9,component,SOHU,1X.SOHU.PCIE_FLR
updated,mlt,MLT / 1X Module Test,TH-SOHU-0020,SAU_PLL_CONFIG_FAIL,TH-SOHU-0020-S2Q9,TH-SOHU-0020-S2Q9,message,"SAU/SA PLL configuration failure: firmware did not report a safe phase alignment after FLR, or a requested PLL glitch frequency did not read back within 5% of target before timeout.","SAU/SA PLL configuration failure - firmware did not report a safe SAU PLL phase alignment after FLR, or a requested PLL glitch frequency did not read back within 5% of the target before the readback timeout."
updated,mlt,MLT / 1X Module Test,TH-SOHU-0020,SAU_PLL_CONFIG_FAIL,TH-SOHU-0020-S2Q9,TH-SOHU-0020-S2Q9,component,SOHU,MLT.SOHU.SOHU_CHIP
updated,mlt,MLT / 1X Module Test,TH-SOHU-0021,DEFECTIVE_SA_COLUMNS_EXCEED_LIMIT,TH-SOHU-0021-S2Q9,TH-SOHU-0021-S2Q9,message,Defective SA column count exceeds screening limit,Defective SA column count exceeds the screening limit. Retry is futile for a defect map.
updated,mlt,MLT / 1X Module Test,TH-SOHU-0021,DEFECTIVE_SA_COLUMNS_EXCEED_LIMIT,TH-SOHU-0021-S2Q9,TH-SOHU-0021-S2Q9,component,SOHU,1X.SOHU.SA
updated,mlt,MLT / 1X Module Test,TH-SOHU-0022,PD_CHAIN_READ_FAILURE,TH-SOHU-0022-S2Q9,TH-SOHU-0022-S2Q9,message,Process detector (PD) chain read failure,Process detector (PD) chain read failure.
updated,mlt,MLT / 1X Module Test,TH-SOHU-0022,PD_CHAIN_READ_FAILURE,TH-SOHU-0022-S2Q9,TH-SOHU-0022-S2Q9,component,SOHU,1X.SOHU.PD
updated,mlt,MLT / 1X Module Test,TH-SOHU-0023,CHIP_BIN_BELOW_THRESHOLD,TH-SOHU-0023-S2Q9,TH-SOHU-0023-S2Q9,message,Chip bin below acceptance threshold / failed binning criteria,"Chip bin below the acceptance threshold / failed the binning criteria (e.g. unbinnable SA column mask count, or illegal bin transition)."
updated,mlt,MLT / 1X Module Test,TH-SOHU-0023,CHIP_BIN_BELOW_THRESHOLD,TH-SOHU-0023-S2Q9,TH-SOHU-0023-S2Q9,component,SOHU,1X.SOHU.BINNING
updated,mlt,MLT / 1X Module Test,TH-SOHU-0024,SCREENING_DATA_MISSING,TH-SOHU-0024-S5Q9,TH-SOHU-0024-S5Q9,component,SOHU,1X.SOHU.SCREENING_DATA
updated,mlt,MLT / 1X Module Test,TH-SOHU-0025,CHIP_STATE_SNAPSHOT_FAILED,TH-SOHU-0025-S4Q9,TH-SOHU-0025-S4Q9,message,Chip state snapshot capture failed,Chip state snapshot capture failed.
updated,mlt,MLT / 1X Module Test,TH-SOHU-0025,CHIP_STATE_SNAPSHOT_FAILED,TH-SOHU-0025-S4Q9,TH-SOHU-0025-S4Q9,component,SOHU,1X.SOHU.SNAPSHOT
updated,mlt,MLT / 1X Module Test,TH-SOHU-0026,PLL_GLITCH_FREQUENCY_READBACK_FAILED,TH-SOHU-0026-S2Q9,TH-SOHU-0026-S2Q9,message,PLL glitch frequency did not read back within 5% of target before timeout,RETIRED (ETCH-38346): historically emitted when PLL glitch frequency did not read back within 5% of the target before the timeout. New emissions use TH-SOHU-0020 (SAU_PLL_CONFIG_FAIL).
updated,mlt,MLT / 1X Module Test,TH-SOHU-0026,PLL_GLITCH_FREQUENCY_READBACK_FAILED,TH-SOHU-0026-S2Q9,TH-SOHU-0026-S2Q9,component,SOHU,1X.SOHU.PLL
updated,mlt,MLT / 1X Module Test,TH-SOHU-0027,VFIO_PING_LATENCY_OUT_OF_SPEC,TH-SOHU-0027-S2Q9,TH-SOHU-0027-S2Q9,message,"VFIO ping responses received but none within the allowed latency (device pingable, latency out of spec)",VFIO ping responses were received but none met the allowed latency - the device is pingable but its response latency is out of spec. Distinct from TH-SOHU-0002 (no response at all).
updated,mlt,MLT / 1X Module Test,TH-SOHU-0027,VFIO_PING_LATENCY_OUT_OF_SPEC,TH-SOHU-0027-S2Q9,TH-SOHU-0027-S2Q9,component,SOHU,1X.SOHU.ASIC
updated,mlt,MLT / 1X Module Test,TH-THM-0001,THERMAL_READING_OUT_OF_RANGE,TH-THM-0001-S2Q6,TH-THM-0001-S2Q6,message,"Thermal diode temperature reading out of the qualified range, reported invalid by the sensor, or an uncalibrated mezzanine diode reading below 0 C.","Thermal diode temperature reading out of the qualified range, reported invalid by the sensor, or an uncalibrated mezzanine diode reading below 0 C (bad solder joint indicator). Failing channels go in the message / affected_instances, never into new codes (spec §1.2)."
updated,mlt,MLT / 1X Module Test,TH-THM-0001,THERMAL_READING_OUT_OF_RANGE,TH-THM-0001-S2Q6,TH-THM-0001-S2Q6,component,THM,MLT.THM.SOHU_CHIP
updated,mlt,MLT / 1X Module Test,TH-THM-0002,DTS_SENSOR_VARIATION_EXCEEDED,TH-THM-0002-S2Q6,TH-THM-0002-S2Q6,message,The peak-to-peak spread across usable Sohu DTS readings exceeded the configured deviation limit.,"The peak-to-peak spread across the usable Sohu DTS readings exceeded the configured deviation limit (20C at L10). Zeroed and faulted sensors are excluded from the spread, so this reflects real sensor-to-sensor variation."
updated,mlt,MLT / 1X Module Test,TH-THM-0002,DTS_SENSOR_VARIATION_EXCEEDED,TH-THM-0002-S2Q6,TH-THM-0002-S2Q6,component,THM,1X.THM.DTS
updated,mlt,MLT / 1X Module Test,TH-THM-0003,CTS_PROTECTION_NO_SHUTDOWN,TH-THM-0003-S2Q9,TH-THM-0003-S2Q9,message,CTS protection did not shut off chip at minimum threshold,The CTS trim code was driven to its maximum (lowest trip threshold) but the chip did not shut down: the CPLD cattrip latch bit in ASIC_CTRL1 was never set within the shutdown timeout.
updated,mlt,MLT / 1X Module Test,TH-THM-0003,CTS_PROTECTION_NO_SHUTDOWN,TH-THM-0003-S2Q9,TH-THM-0003-S2Q9,component,THM,1X.THM.CTS
updated,mlt,MLT / 1X Module Test,TH-THM-0004,CATASTROPHIC_TRIP_DURING_STRESS,TH-THM-0004-S2Q6,TH-THM-0004-S2Q6,message,Catastrophic trip event during stress workload,Catastrophic trip event during a stress workload.
updated,mlt,MLT / 1X Module Test,TH-THM-0004,CATASTROPHIC_TRIP_DURING_STRESS,TH-THM-0004-S2Q6,TH-THM-0004-S2Q6,component,THM,1X.THM.TRIP
updated,mlt,MLT / 1X Module Test,TH-THM-0005,DTS_PTP_DEVIATION_OUT_OF_BOUNDS,TH-THM-0005-S4Q9,TH-THM-0005-S4Q9,message,DTS peak-to-peak deviation under power virus out of bounds,DTS peak-to-peak deviation under power virus out of bounds (threshold under review; bounds may be raised).
updated,mlt,MLT / 1X Module Test,TH-THM-0005,DTS_PTP_DEVIATION_OUT_OF_BOUNDS,TH-THM-0005-S4Q9,TH-THM-0005-S4Q9,component,THM,1X.THM.DTS
updated,mlt,MLT / 1X Module Test,TH-THM-0006,DTS_PEAK_TEMPERATURE_EXCEEDS_MAX,TH-THM-0006-S2Q9,TH-THM-0006-S2Q9,message,Peak DTS temperature under power virus exceeds expected maximum,Peak DTS temperature under power virus exceeds the expected maximum.
updated,mlt,MLT / 1X Module Test,TH-THM-0006,DTS_PEAK_TEMPERATURE_EXCEEDS_MAX,TH-THM-0006-S2Q9,TH-THM-0006-S2Q9,component,THM,1X.THM.DTS
updated,mlt,MLT / 1X Module Test,TH-THM-0007,THERMAL_TELEMETRY_UNAVAILABLE,TH-THM-0007-S4Q9,TH-THM-0007-S4Q9,message,"TMP464 thermal telemetry unreadable or malformed — verdict inconclusive (test-system ERROR, excluded from yield)","The TMP464 thermal diode data could not be obtained - RPC/connection failure over the VBB UART, or a malformed response (missing temperature array, unexpected channel count). The thermal verdict is inconclusive."
updated,mlt,MLT / 1X Module Test,TH-THM-0007,THERMAL_TELEMETRY_UNAVAILABLE,TH-THM-0007-S4Q9,TH-THM-0007-S4Q9,component,THM,MLT.THM.SOHU_CHIP
